-- MySQL dump 10.13  Distrib 8.0.34, for Win64 (x86_64)
--
-- Host: 127.0.0.1    Database: web
-- ------------------------------------------------------
-- Server version	8.0.34

/*!40101 SET @OLD_CHARACTER_SET_CLIENT=@@CHARACTER_SET_CLIENT */;
/*!40101 SET @OLD_CHARACTER_SET_RESULTS=@@CHARACTER_SET_RESULTS */;
/*!40101 SET @OLD_COLLATION_CONNECTION=@@COLLATION_CONNECTION */;
/*!50503 SET NAMES utf8 */;
/*!40103 SET @OLD_TIME_ZONE=@@TIME_ZONE */;
/*!40103 SET TIME_ZONE='+00:00' */;
/*!40014 SET @OLD_UNIQUE_CHECKS=@@UNIQUE_CHECKS, UNIQUE_CHECKS=0 */;
/*!40014 SET @OLD_FOREIGN_KEY_CHECKS=@@FOREIGN_KEY_CHECKS, FOREIGN_KEY_CHECKS=0 */;
/*!40101 SET @OLD_SQL_MODE=@@SQL_MODE, SQL_MODE='NO_AUTO_VALUE_ON_ZERO' */;
/*!40111 SET @OLD_SQL_NOTES=@@SQL_NOTES, SQL_NOTES=0 */;

--
-- Table structure for table `book_history`
--

DROP TABLE IF EXISTS `book_history`;
/*!40101 SET @saved_cs_client     = @@character_set_client */;
/*!50503 SET character_set_client = utf8mb4 */;
CREATE TABLE `book_history` (
  `id` int NOT NULL AUTO_INCREMENT,
  `book_id` varchar(20) DEFAULT NULL,
  `action` enum('create','update','delete') NOT NULL,
  `field_name` varchar(255) DEFAULT NULL,
  `old_value` text,
  `new_value` text,
  `user_id` int DEFAULT NULL,
  `timestamp` timestamp NULL DEFAULT CURRENT_TIMESTAMP,
  PRIMARY KEY (`id`),
  KEY `book_id` (`book_id`),
  KEY `user_id` (`user_id`),
  CONSTRAINT `book_history_ibfk_1` FOREIGN KEY (`book_id`) REFERENCES `books` (`id`),
  CONSTRAINT `book_history_ibfk_2` FOREIGN KEY (`user_id`) REFERENCES `users` (`id`)
) ENGINE=InnoDB DEFAULT CHARSET=utf8mb4 COLLATE=utf8mb4_0900_ai_ci;
/*!40101 SET character_set_client = @saved_cs_client */;

--
-- Dumping data for table `book_history`
--

LOCK TABLES `book_history` WRITE;
/*!40000 ALTER TABLE `book_history` DISABLE KEYS */;
/*!40000 ALTER TABLE `book_history` ENABLE KEYS */;
UNLOCK TABLES;

--
-- Table structure for table `book_shelves`
--

DROP TABLE IF EXISTS `book_shelves`;
/*!40101 SET @saved_cs_client     = @@character_set_client */;
/*!50503 SET character_set_client = utf8mb4 */;
CREATE TABLE `book_shelves` (
  `book_id` varchar(20) NOT NULL,
  `shelf_id` int NOT NULL,
  PRIMARY KEY (`book_id`,`shelf_id`),
  KEY `shelf_id` (`shelf_id`),
  CONSTRAINT `book_shelves_ibfk_1` FOREIGN KEY (`book_id`) REFERENCES `books` (`id`),
  CONSTRAINT `book_shelves_ibfk_2` FOREIGN KEY (`shelf_id`) REFERENCES `shelves` (`id`)
) ENGINE=InnoDB DEFAULT CHARSET=utf8mb4 COLLATE=utf8mb4_0900_ai_ci;
/*!40101 SET character_set_client = @saved_cs_client */;

--
-- Dumping data for table `book_shelves`
--

LOCK TABLES `book_shelves` WRITE;
/*!40000 ALTER TABLE `book_shelves` DISABLE KEYS */;
INSERT INTO `book_shelves` VALUES ('2612202300',1),('8932000133766',1),('8934974165569',1),('8935086856000',1),('8934974165576',2),('8934974171485',2),('8935086844342',2),('8935086857366',2),('8935280908840',2),('8935280909052',2),('8935086852118',3),('8935086854624',3),('8935086854648',3),('8935280908031',3),('8935280908833',3),('8935210307859',4),('8935251405002',4),('8935325006289',4),('8935235226272',5),('8935235235168',5),('8935270704551',5),('9786044777481',5),('9786047787616',5),('8935235228351',6),('8935235238978',6),('8935325000379',6),('8935325011559',7),('8935325009433',8),('9786043437898',8),('9786043440287',8),('8935325015106',9),('9786043440288',9),('8936067605211',10),('8936214272648',10),('9786044009674',10),('8936067604511',11),('8936067605693',11),('9786043437881',11),('8935325015618',12),('8935325016325',12),('8935325017353',12),('8935325017797',12),('9786044742250',12),('8935325015984',13),('8936066694469',13);
/*!40000 ALTER TABLE `book_shelves` ENABLE KEYS */;
UNLOCK TABLES;

--
-- Table structure for table `books`
--

DROP TABLE IF EXISTS `books`;
/*!40101 SET @saved_cs_client     = @@character_set_client */;
/*!50503 SET character_set_client = utf8mb4 */;
CREATE TABLE `books` (
  `id` varchar(20) NOT NULL,
  `title` varchar(255) DEFAULT NULL,
  `author` varchar(255) DEFAULT NULL,
  `category` varchar(255) DEFAULT NULL,
  `quantity` int DEFAULT NULL,
  `price` decimal(10,3) DEFAULT NULL,
  `created_at` timestamp NULL DEFAULT NULL,
  `updated_at` timestamp NULL DEFAULT NULL,
  `publisher` varchar(255) DEFAULT NULL,
  `publish_year` int DEFAULT NULL,
  `description` text,
  `image_link` varchar(255) DEFAULT NULL,
  `user_id` int DEFAULT NULL,
  PRIMARY KEY (`id`)
) ENGINE=InnoDB DEFAULT CHARSET=utf8mb4 COLLATE=utf8mb4_0900_ai_ci;
/*!40101 SET character_set_client = @saved_cs_client */;

--
-- Dumping data for table `books`
--

LOCK TABLES `books` WRITE;
/*!40000 ALTER TABLE `books` DISABLE KEYS */;
INSERT INTO `books` VALUES ('2612202300','Combo Sách Ghi Chép Pháp Y (Bộ 3 Cuốn)','Lưu Hiểu Huy, Liêu Tiểu Đao, Lưu Bát Bách','Văn học',3,305.613,NULL,NULL,'Thanh Niên',2022,'Combo Sách Ghi Chép Pháp Y (Bộ 3 Cuốn)\n\n1. Ghi Chép Pháp Y - Những Cái Chết Bí Ẩn\n\nLàm cách nào để một “xác chết lên tiếng”? - đó là công việc của bác sĩ pháp y. \n\n“Ghi chép pháp y - Những cái chết bí ẩn” là cuốn sách nằm trong hệ liệt với “Pháp y Tần Minh” - bộ tiểu thuyết nổi đình đám của xứ Trung đã được chuyển thể thành series phim. Cuốn sách tổng hợp những vụ án có thật, được viết bởi bác sĩ pháp y Lưu Hiểu Huy - người có 15 năm kinh nghiệm và từng mổ xẻ hơn 800 tử thi. \n\nTrải qua 15 câu chuyện kinh hoàng, cuốn sách sẽ đưa bạn bước vào hiện trường của những vụ án man rợ như: xác chết phi tang dưới cánh đồng ngô, thi thể thiếu nữ không lành lặn, xác chết nhầy nhụa đang bị giòi bọ đục khoét hay một thi thể co cứng trong màng bọc nilon…lần theo những dấu vết, ghép lại sự thật từ những mảnh vụn thi thể, nguyên nhân của cái chết sẽ dần được hé mở.\n\nMỗi vụ án đều là một ẩn số, hiện trường vụ án bao gồm cả xác chết chính là chiếc chìa khóa để truy tìm hung thủ ngay cả khi nó không còn nguyên vẹn. Vậy làm cách để các bác sĩ pháp y có thể xác định thương tật, các dấu hiệu cơ thể bị xâm hại? Cuốn sách này sẽ trình bày những kiến thức chuyên môn và quy trình xử lý vụ án, từ hiện trường vụ án đến đài giải phẫu, xét nghiệm nội tạng, phân tích chất độc… từng bước tìm ra bí mật ẩn giấu sau mỗi tử thi, phơi bày những manh mối liên quan đến tội ác con người và lỗ hổng của xã hội.\n\nKhông chỉ thuật lại những vụ án và các phương pháp pháp y, cuốn sách còn chứa đựng cảm xúc của tác giả đối với nghề nghiệp và sự méo mó của bản chất con người. Chẳng hạn, một đứa trẻ bệnh nặng phải đau đớn đến thế nào khi bị người nhà đem ra làm công cụ để đòi bồi thường? Cuốn sách sẽ phơi bày những góc khuất của xã hội, những hành vi thủ ác, sự biến chất và mất nhân tính của một bộ phận con người trong xã hội.\n\nNếu bạn tò mò muốn biết cách đánh giá tuổi của người chết dựa trên mức độ mòn răng? Hay cách dùng một con giòi từ người chết để suy ra thời điểm chính xác của vụ án giết người? Hy vọng cuốn sách này sẽ cho bạn trải nghiệm khó quên về nghề pháp y.\n\n2. Ghi Chép Pháp Y - Tập 2 - Khi Tử Thi Biết Nói\n\nGHI CHÉP PHÁP Y 2 - KHI TỬ THI BIẾT NÓI\n\nNếu kẻ thủ ác dùng cái chết để khiến một người im lặng, thì bác sĩ pháp y sẽ giúp nạn nhân “mở miệng” thông qua những mật mã để lại trên thi thể.\n\n“Ghi chép pháp y 2 - Khi tử thi biết nói” được tác giả của bộ tiểu thuyết đình đám “Pháp y Tần Minh” và Phó giám đốc Hiệp hội pháp y Trung Quốc - Châu Diệc Vũ giới thiệu, là một trong những cuốn sách về pháp y và tội phạm đáng đọc nhất. Cuốn sách tổng hợp 8 vụ án có thật, được viết bởi bác sĩ pháp y Liêu Tiểu Đao với 18 năm kinh nghiệm mổ xẻ tử thi bằng con dao bạc số 24.\n\nCuốn sách sẽ dẫn bạn bước vào hiện trường những vụ án ghê rợn, dưới góc nhìn chuyên môn của một bác sĩ pháp y: luộc xương để đoán tuổi xác chết, xác định thời gian tử vong dựa vào vỏ nhộng trên thi thể, dùng găng tay da người để nhận dạng danh tính nạn nhân… từng bước rửa oan cho người đã khuất, phơi bày những lỗ hổng pháp luật và sự mất nhân tính của một bộ phận con người trong xã hội.\n\nKhông chỉ thuật lại các phương pháp nghiệp vụ, cuốn sách còn chứa đựng suy tư của tác giả về những vụ án dai dẳng không lời giải đáp, những tử thi vô danh không thể lên tiếng và những gia đình còn ôm hy vọng tìm được xác người thân…\n\n‘Những vụ án chưa giải quyết không phải là một xấp giấy mỏng, mà đó là những “nấm mồ” của các nạn nhân đè lên tim tôi.”\n\nHiện trường vụ án là chiến trường của bác sĩ pháp y và xác chết là chìa khóa để truy tìm hung thủ. Tiếp nối thành công của “Ghi chép pháp y - Những cái chết bí ẩn”, hy vọng cuốn sách này sẽ đem tới cho bạn trải nghiệm chân thực về quá trình phá án, giải mã uẩn khúc đằng sau những mảnh vụn thi thể.\n\n3. Ghi Chép Pháp Y - Những Thi Thể Không Hoàn Chỉnh\n\n“Ghi chép pháp y - Những thi thể không hoàn chỉnh” là phần thứ 3, tiếp nối series đình đám “Ghi chép pháp y” được tác giả Pháp y Tần Minh và Phó giám đốc Hiệp hội pháp y Trung Quốc - Châu Diệc Vũ đặc biệt giới thiệu. Cuốn sách bao gồm 7 vụ án có thật, được viết bởi bác sĩ pháp y Lưu Bát Bách với 18 năm kinh nghiệm giải phẫu cho hơn 800 thi thể. \n\nNếu phần 1 đi sâu vào việc phá án bằng nghiệp vụ chuyên môn, phần 2 là sự đồng cảm với những xác chết không thể lên tiếng thì ở phần 3, tác giả sẽ tập trung miêu tả những hiện trường tội ác man rợ, phân tích động cơ gây án cũng như tâm lý biến thái ẩn sau bộ mặt bình thản của hung thủ. \n\nSự độc ác của nhân tính có thể khiến đứa con trai tự tay giết mẹ, ăn trộm tiền cho bạn. Sự độc ác của nhân tính có thể khiến người thầy giáo cởi bỏ lớp ngụy trang mẫu mực, phân xác học sinh dưới sự bao che của nhà trường. Sự độc ác của nhân tính có thể khiến vị bác sĩ thảm sát cả gia đình đồng nghiệp chỉ vì ghen tị.\n\nBằng kỹ năng toàn diện và sự hỗ trợ của công nghệ siêu việt như: đối chiếu DNA, xác minh dấu giày, giám định mỏm xương thái dương… tác giả đã từng bước tìm ra chứng cứ then chốt, đập tan mọi ảo tưởng về “một tội ác hoàn hảo’ và đưa kẻ thủ ác ra trước ánh sáng pháp luật để chịu sự trừng phạt. \n\n“Thật ra pháp y chính là nghề như vậy, thân thể ở trong nơi tối, trái tim hướng về phía ánh sáng mặt trời.” - Lưu Bát Bách. \n\nHy vọng trong phần 3 của series “Ghi chép pháp y”, bạn đọc sẽ tiếp tục đồng hành cùng tác giả trải nghiệm quá trình phá án, truy tìm hung thủ để đòi quyền cho người sống - lên tiếng cho người chết.1. Ghi Chép Pháp Y - Những Cái Chết Bí Ẩn2. Ghi Chép Pháp Y - Tập 2 - Khi Tử Thi Biết Nói3. Ghi Chép Pháp Y - Những Thi Thể Không Hoàn Chỉnh','https://cdn0.fahasa.com/media/catalog/product/0/5/055cd615-0716-4f98-9ca7-33aef03b4fad.jpg',1),('8932000133766','Atomic Habits - Thay Đổi Tí Hon Hiệu Quả Bất Ngờ (Tái Bản 2023)','James Clear','Tâm lý - Kỹ năng sống',3,154.980,NULL,NULL,'Thế Giới',2023,'Atomic Habits - Thay Đổi Tí Hon Hiệu Quả Bất Ngờ (Tái Bản 2023)\n\n• Wall Street Journal Bestseller, USA Today Bestseller, Publisher’s Weekly Bestseller\n\n• Nằm trong Top 20 tựa sách thể loại non-fiction bán chạy và được tìm đọc nhiều nhất của Amazon suốt 40 tuần tính đến tháng 9/2019\n\nMột thay đổi tí hon có thể biến đổi cuộc đời bạn không?\n\nHẳn là khó đồng ý với điều đó. Nhưng nếu bạn thay đổi thêm một chút? Một chút nữa? Rồi thêm một chút nữa? Đến một lúc nào đó, bạn phải công nhận rằng cuộc sống của mình đã chuyển biến nhờ vào một thay đổi nhỏ…\n\nVà đó chính là sức mạnh của thói quen nguyên tử.\n\nTác giả:\n\nJames Clear là tác giả người Mỹ, nhiếp ảnh gia, nhà khởi nghiệp, và là người sáng tạo The Habits Academy.\n\nAnh nghiên cứu về những thói quen, việc đưa ra quyết định và sự cải tiến liên tục. Trang jamesclear.com có hàng triệu lượt truy cập mỗi tháng.\n\nBài viết của James Clear được đăng trên New York Times, Entrepreneur, Time… Anh cũng là diễn giả thường xuyên tại các công ty nằm trong bảng xếp hạng Fortune 500.','https://cdn0.fahasa.com/media/catalog/product/_/2/_2024_-thay_doi_ti_hon_hieu_qua_bat_ngo-tb8-02.jpg',1),('8934974165569','48 Nguyên Tắc Chủ Chốt Của Quyền Lực (Tái Bản 2020)','Robert Greene','Kinh Tế',3,168.000,NULL,NULL,'NXB Trẻ',2020,'Quyền lực có sức hấp dẫn vô cùng mạnh mẽ đối với con người trong mọi thời, ở mọi nơi, với mọi giai tầng. Lịch sử xét cho cùng là cuộc đấu tranh triền miên để giành cho bằng được quyền lực cai trị của các tập đoàn thống trị, từ cổ chí kim, từ đông sang tây.\n\nQuyền lực là thứ mà rất nhiều người mong muốn nhưng không phải ai cũng dễ dàng đạt được. Vươn lên những vị trí cao hơn trong thang bậc xã hội thường được xem là một khát khao rất con người. Nhưng, liệu có phải chỉ những tài năng xuất chúng mới có thể đạt được điều đó? Không hẳn vậy. Bởi ít ai biết rằng, để giành được một vị trí quyền lực thực tế vẫn mang tính công thức.\n\nQua nghiên cứu lịch sử nhân loại, với những nhân vật có quyền lực nhất tự cổ chí kim, Robert Greene đã khái quát nên 48 nguyên tắc tạo nên quyền lực một cách có cơ sở khoa học. Mỗi nguyên tắc đều được tác giả phân tích, giải thích rõ ràng, mang tính thuyết phục cao và cực kỳ hấp dẫn. Một số quy luật đòi hỏi sự khôn ngoan sắc sảo, một số cần sự lén lút và một số khác hoàn toàn vắng mặt lòng thương xót… Nhưng dù bạn thích hay không thích, tất cả những quy luật này đều có nhiều ứng dụng trong các tình huống thực tế của cuộc đời.\n\nPhi luân lý, xảo quyệt, nhẫn tâm và dồi dào tư liệu, “48 nguyên tắc chủ chốt của quyền lực” của Robert Greene hoàn toàn có thể giúp bạn vươn tới những đỉnh cao quyền lực và cũng có thể giúp bạn đạt được tột đỉnh vinh quang.','https://cdn0.fahasa.com/media/catalog/product/i/m/image_195509_1_32101.jpg',1),('8934974165576','Chào Con! Ba Mẹ Đã Sẵn Sàng (Tái Bản 2020)','BS Trần Thị Huyên Thảo','Nuôi Dạy Con',3,79.800,NULL,NULL,'NXB Trẻ',2020,'\"Chào con! Ba mẹ đã sẵn sàng!\" - Cuốn sách không chỉ được viết trên nền tảng khoa học của một bác sĩ mà còn chứa chan tình yêu của một người mẹ.\nChắc chắn bạn cũng sẽ cảm nhận được những điểm hay và thực tế trong quyển sách này, từ nền tảng khoa học vững chắc cho đến kiến thức chăm sóc trẻ mới nhất, và nhất là phù hợp với hoàn cảnh của Việt Nam.','https://cdn0.fahasa.com/media/catalog/product/i/m/image_195509_1_33297.jpg',1),('8934974171485','Từ Tốt Đến Vĩ Đại - Jim Collins (Tái Bản 2021)','Jim Collins','Kinh Tế',3,109.200,NULL,NULL,'NXB Trẻ',2021,'Jim Collins cùng nhóm nghiên cứu đã miệt mài nghiên cứu những công ty có bước nhảy vọt và bền vững để rút ra những kết luận sát sườn, những yếu tố cần kíp để đưa công ty từ tốt đến vĩ đại. Đó là những yếu tố khả năng lãnh đạo, con người, văn hóa, kỷ luật, công nghệ… Những yếu tố này được nhóm nghiên cứu xem xét tỉ mỉ và kiểm chứng cụ thể qua 11 công ty nhảy vọt lên vĩ đại. Mỗi kết luận của nhóm nghiên cứu đều hữu ích, vượt thời gian, ý nghĩa vô cùng to lớn đối với mọi lãnh đạo và quản lý ở mọi loại hình công ty (từ công ty có nền tảng và xuất phát tốt đến những công ty mới khởi nghiệp), và mọi lĩnh vực ngành nghề. Đây là cuốn sách nên đọc đối với bất kỳ lãnh đạo hay quản lý nào!','https://cdn0.fahasa.com/media/catalog/product/n/x/nxbtre_full_09462021_024609.jpg',1),('8935086844342','Nghĩ Giàu & Làm Giàu (Tái Bản 2020)','Napoleon Hill','Kinh Tế',3,80.300,NULL,NULL,'NXB Tổng Hợp TPHCM',2020,'Nghĩ Giàu & Làm Giàu (Tái Bản) - (Tái bản của cuốn \"Cách Nghĩ Để Thành Công\")\nNGHĨ GIÀU VÀ LÀM GIÀU\nThink and Grow Rich - Nghĩ giàu và làm giàu là một trong những cuốn sách bán chạy nhất mọi thời đại. Đã hơn 60 triệu bản được phát hành với gần trăm ngôn ngữ trên toàn thế giới và được công nhận là cuốn sách tạo ra nhiều triệu phú, một cuốn sách truyền cảm hứng thành công nhiều hơn bất cứ cuốn sách kinh doanh nào trong lịch sử.\nTác phẩm này đã giúp tác giả của nó, Napoleon Hill, được tôn vinh bằng danh hiệu “người tạo ra những nhà triệu phú”. Đây cũng là cuốn sách hiếm hoi được đứng trong top của rất nhiều bình chọn theo nhiều tiêu chí khác nhau - bình chọn của độc giả, của giới chuyên môn, của báo chí. Lý do để Think and Grow Rich - Nghĩ giàu và làm giàu có được vinh quang này thật hiển nhiên và dễ hiểu: Bằng việc đọc và áp dụng những phương pháp đơn giản, cô đọng này vào đời sống của mỗi cá nhân mà đã có hàng ngàn người trên thế giới trở thành triệu phú và thành công bền vững.\nĐiều thú vị nhất là các bí quyết này có thể được hiểu và áp dụng bởi bất kỳ một người bình thường nào, hoạt động trong bất cứ lĩnh vực nào. Qua hơn 70 năm tồn tại, những đúc kết về thành công của Napoleon Hill đến nay vẫn không hề bị lỗi thời, ngược lại, thời gian chính là minh chứng sống động cho tính đúng đắn của những bí quyết mà ông chia sẻ.\nSinh ra trong một gia đình nghèo vùng Tây Virginia, con đường thành công của Napoleon Hill cũng trải qua nhiều thăng trầm. Khởi đầu bằng chân cộng tác viên cho một tờ báo địa phương lúc 15 tuổi, đến năm 19 tuổi Hill trở thành nhà quản lý mỏ than trẻ tuổi nhất, sau đó bỏ ngang để theo đuổi ngành luật. Napoleon Hill còn kinh qua nhiều nghề như kinh doanh gỗ, xe hơi, viết báo về kinh doanh…\nĐó là những công việc ông từng nếm trải trước khi 25 tuổi! Song khác với những người thành đạt khác, ông cẩn thận phân tích từng sự kiện trọng đại trong đời mình, rút ra những bài học, rồi tiếp tục rút gọn chúng thành các nguyên tắc căn bản, tổ chức các nguyên tắc ấy thành triết lý sống và rèn luyện...\nCơ hội đặc biệt đã đến với Hill trong một lần phỏng vấn để viết về chân dung Andrew Carnegie - ông “vua thép” huyền thoại của Mỹ đã đi lên từ hai bàn tay trắng. Từ lần phỏng vấn đó, Napoleon Hill có dịp tiếp cận với những con người thành đạt và có quyền lực nhất tại Mỹ để tìm hiểu và học hỏi những bí quyết thành công của họ, trong thế so sánh và kiểm chứng với những công thức thành công của Andrew Carnegie. Ông muốn qua đó có thể đúc kết và viết nên một cuốn sách ghi lại những bí quyết giúp các cá nhân bình thường thành những người thành công trong xã hội.\nĐể thực hiện cuốn sách này, Napoleon Hill dành hầu như toàn bộ thời gian và công sức trong suốt gần ba mươi năm để phỏng vấn hơn 500 người nổi tiếng và thành công nhất trong nhiều lĩnh vực khác nhau, cùng hàng ngàn doanh nhân khác - cả những kẻ thất bại và những người thành công. Kết quả của những nghiên cứu không mệt mỏi đó là Think and Grow Rich - Nghĩ giàu và làm giàu - công thức, hay “cẩm nang” để trở thành vượt trội và được xã hội nể trọng.\nCuốn sách cũng đưa Napoleon Hill vào danh sách một trong những tác giả có tác phẩm bán chạy nhất thế giới từ trước đến nay. Được viết ra từ vô số những câu chuyện có thật, tác phẩm có một sức thuyết phục và lay động rất lớn. Bạn không chỉ được biết bí quyết về sự thành công của các tên tuổi như Edison - nhà phát minh lỗi lạc mà thời gian rèn luyện trong trường học chỉ… vỏn vẹn 3 tháng; như Henry Ford - người bị coi là không có học vấn nhưng đã trở thành ông trùm trong nền công nghiệp xe hơi với một gia tài kếch xù… mà còn của rất nhiều cá nhân trong nhiều lĩnh vực khác nhau đã đi lên từ con số không.\nThink and Grow Rich - Nghĩ giàu và làm giàu là cuốn sách đầu tiên đưa ra triết lý thành đạt - một triết lý đầy đủ và toàn diện về thành công của cá nhân, đồng thời cung cấp cho bạn phương pháp để tạo một ý thức thành công cũng như đưa ra kế hoạch sơ bộ và chi tiết để đạt được thành công đó. Các bí quyết thành công được đề cập đến trong cuốn sách này có thể được đúc kết ngắn gọn: tất cả bắt nguồn từ cách nghĩ.\nDo đó, cuốn sách này không chỉ thay đổi những điều bạn nghĩ mà còn có thể thay đổi cả cách nghĩ của bạn; không dừng lại ở việc chỉ ra cho bạn thấy bạn phải làm gì mà còn vạch cho bạn biết phải làm điều đó như thế nào để đạt được khát vọng của mình. Ra mắt bạn đọc với phiên bản cao cấp lần này, cuốn sách thay đổi nhiều về hình thức thiết kế bìa cứng, màu nâu đen, chữ vàng ánh kim dập nổi sang trọng, tinh tế.\nBáo chí nói gì về cuốn sách:\n“Nghĩ giàu làm giàu là tinh hoa được Napoleon Hill dành toàn bộ thời gian và công sức suốt gần 30 năm để phỏng vấn hơn 500 người nổi tiếng và thành công nhất trong nhiều lĩnh vực, cùng hàng ngàn doanh nhân khác. Cuốn sách này có giá trị vĩnh hằng theo thời gian về tính đúng đắn khi ứng dụng thực tiễn.” – Học Napoleon Hill \'Nghĩ giàu làm giàu\' (Một Thế Giới)\n\"Để có cảm hứng, hãy đọc “Nghĩ giàu và làm giàu!\' Đó là bước đầu tiên để đưa ra chiến lược chiến thắng.\" – The Sunday Times\nNgười nổi tiếng nói gì về cuốn sách:\n\"Trong hai mươi lăm năm qua, tôi đã được ban phước với nhiều may mắn hơn bất kỳ cá nhân nào xứng đáng nhưng tôi luôn rùng mình khi nghĩ mình sẽ ở đâu hôm nay, hoặc tôi sẽ làm gì nếu không được tiếp xúc với triết lý của Napoleon Hill. Nó đã thay đổi cuộc đời tôi.\" - Og Mandino, tác giả của “Người bán hàng vĩ đại nhất thế giới”\n“Đây là cuốn sách duy nhất về thành công cá nhân từng được viết; nó làm cho tôi trở thành một triệu phú từ người không có gì.” - Brian Tracy, tác giả của “Chinh phục mục tiêu”\nVề tác giả\nNapoleon Hill (1883 - 1970) là một tác gia người Mỹ, ông được coi là một trong những tác gia tiêu biểu thành công nhất trong lịch sử. Napoleon là một trong những người đầu tiên sáng tạo nên một thể loại văn học mới trong nền văn học hiện đại đó là văn học để phát triển thành công con người. Cuốn sách được biết đến nhiều nhất của ông là cuốn Think and Grow Rich (1937), cuốn sách đã bán được trên 20 triệu bản in trên toàn thế giới (tính tới thời điểm ông mất năm 1970). Cho tới nay cuốn sách này vẫn đang được dịch ra nhiều thứ tiếng trên thế giới và trở thành cuốn sách gối đầu giường của rất nhiều độc giả.\nÔng từng được mời làm cố vấn cho Tổng thống Mỹ Franklin D.Roosevelt từ năm 1933 đến năm 1936. Napoleon Hill rất nổi tiếng với câu nói \"Những gì tâm trí có thể nhận thức được và tin tưởng thì nhất định tâm trí sẽ làm được\". Những thành tựu mà ông đã đạt được cũng như các công thức thành công mà ông đề cập tới đều có ảnh hưởng rất lớn tới nhiều thế hệ độc giả.','https://cdn0.fahasa.com/media/catalog/product/n/g/nghigiaulamgiau_110k-01_bia-1.jpg',1),('8935086852118','Tư Duy Ngược Dịch Chuyển Thế Giới - Originals: How Non-Conformists Move The World','Adam Grant','Kinh Tế',3,124.600,NULL,NULL,'NXB Tổng Hợp TPHCM',2020,'Tư Duy Ngược Dịch Chuyển Thế Giới - Originals: How Non-Conformists Move The World\nAdam Grant là tác giả cuốn Give and take (tựa tiếng Việt là “Cho và nhận), tác phẩm được The New York Times bình chọn là sách bán chạy nhất. Trong Give and take, Adam đã chỉ cho mọi người cách thức để bảo vệ thành công những ý tưởng mới, cũng như phương pháp để các nhà lãnh đạo có thể khuyến khích sự đa dạng và khác biệt trong suy nghĩ và hành động của tổ chức mình.\nVới Tư duy ngược dịch chuyển thế giới, một lần nữa, Adam Grant lại giải quyết vấn đề làm sao để cải thiện thế giới, nhưng từ góc nhìn mới “trở nên khác biệt”: Chọn đi “ngược dòng”, đấu tranh với tính tuân thủ cứng nhắc và đập tan các truyền thống lỗi thời.\nLàm sao chúng ta có thể hình thành những ý tưởng, chính sách và thực hành mới mà không phải mạo hiểm một cách mù quáng?\nQua những nghiên cứu và câu chuyện đáng kinh ngạc trong lĩnh vực kinh doanh, chính trị, thể thao và giải trí, Grant đã khám phá ra phương pháp để nhận biết một ý tưởng hay, cách lên tiếng mà không bị cô lập, xây dựng liên minh, chọn thời điểm thích hợp để hành động, kiểm soát nỗi sợ hãi và nghi ngờ; cũng như cách thức để các bậc phụ huynh và giáo viên có thể nuôi dưỡng khả năng sáng tạo độc đáo ở trẻ; và giải pháp để các nhà lãnh đạo đấu tranh với tư duy “bầy đàn”.\nNgoài ra, độc giả còn có thể học hỏi được kinh nghiệm của một nhà khởi nghiệp gọi vốn bằng cách nhấn mạnh những lý do mà các nhà đầu tư không nên đầu tư. Chẳng hạn một nữ quản lý dưới Steve Jobs ba bậc đã thách thức ông ấy như thế nào, một nhà phân tích ra tay lật ngược quy tắc bảo mật tại CIA, một ông trùm tài chính nắm trong tay hàng tỷ đô-la đã sa thải những nhân viên nào không dám chỉ trích ông, và một giám đốc truyền hình thậm chí còn chẳng biết gì về hài kịch nhưng đã cứu chương trình Seinfeld ra khỏi phòng kiểm duyệt. Phần thưởng của họ là tập hợp những quan niệm và nhận thức đột phá khi từ chối tuân thủ các khuôn mẫu sẵn có và luôn tìm cách cải thiện nguyên trạng.\n Tư duy ngược dịch chuyển thế giớiđược COO của Facebook Sheryl Sandberg, tỷ phú sáng tạo Richard Branson, tác giả kỳ cựu Malcome Gladwell và nhiều nhà lãnh đạo hàng đầu thế giới đánh giá cao. COO của Facebook nhận xét: “Đây là một trong những cuốn sách quan trọng và cuốn hút nhất mà tôi từng đọc, đầy những ý tưởng đáng kinh ngạc và vô cùng mạnh mẽ. Cuốn sách này không chỉ thay đổi cách bạn nhìn thế giới mà còn có thể thay đổi cuộc đời bạn. Cuốn sách cũng có thể truyền cảm hứng cho bạn thay đổi cả thế giới này”.\n \nVề tác giả\nAdam Grant được công nhận là giáo sư hàng đầu trong bốn năm liền của Đại học Wharton, một trong những nhà tư tưởng quốc tế có tầm ảnh hưởng lớn nhất theo tạp chí HR, và nằm trong danh sách 40 giáo sư kinh doanh dưới 40 tuổi tài giỏi nhất thế giới.\nCuốn sách đầu tay của Adam Grant, Give and Take (Cho và nhận), là tác phẩm bán chạy nhất theo đánh giá của The New York Times và đã được dịch sang hơn 27 ngôn ngữ. Đồng thời, Give and Take cũng góp mặt trong danh sách những cuốn sách hay nhất năm 2013 của Amazon, Financial Times và Wall Street Journal; Give and Take được Oprah xem là một trong những cuốn sách hấp dẫn nhất và là một trong những ý tưởng làm sắc nét ngành quản trị, theo Harvard Business Review.\nAdam Grant cũng từng diễn thuyết và tư vấn cho nhiều khách hàng, trong đó có Google, Goldman Sachs, Disney Pixar, Liên Hợp Quốc,…Ông có bằng tiến sĩ của Đại học Michigan và bằng cử nhân của Đại học Harvard.','https://cdn0.fahasa.com/media/catalog/product/t/u/tuduynguocdichchuyenthegioi-01_bia-1.jpg',1),('8935086854624','Bí Mật Tư Duy Triệu Phú (Tái Bản 2021)','T Harv Eker','Kinh Tế',3,75.600,NULL,NULL,'NXB Tổng Hợp TPHCM',2021,'Trong cuốn sách này T. Harv Eker sẽ tiết lộ những bí mật tại sao một số người lại đạt được những thành công vượt bậc, được số phận ban cho cuộc sống sung túc, giàu có, trong khi một số người khác phải chật vật, vất vả mới có một cuộc sống qua ngày. Bạn sẽ hiểu được nguồn gốc sự thật và những yếu tố quyết định thành công, thất bại để rồi áp dụng, thay đổi cách suy nghĩ, lên kế hoạch rồi tìm ra cách làm việc, đầu tư, sử dụng nguồn tài chính của bạn theo hướng hiệu quả nhất.\nCuốn sách dành cho những ai còn loay hoay muốn tìm đường đến sự giàu có và thành công. “Bí mật tự duy triệu phú” mang đến nhiều tư duy mới cho người đọc về cách suy nghĩ của người giàu hay cách suy nghĩ để trở nên giàu có.\nTrong cuốn sách, Eker liệt kê 17 cách thức mà các kế hoạch chi tiết tài chính của những người giàu khác với người nghèo và tầng lớp trung lưu. Một chủ đề được xác định trong sách này là loại bỏ các suy nghĩ đổ lỗi cho sự thất bại. Eker lập luận rằng: Người giàu tin \"Tôi tạo ra cuộc sống của tôi\", còn những người nghèo cho rằng \"Cuộc sống sẽ tự nhiên đến với tôi\"; người giàu tập trung vào các cơ hội trong khi người nghèo tập trung vào những trở ngại; và những người giàu ngưỡng mộ những người giàu có và thành công khác trong khi người dân nghèo ghen tị, bực tức trước những người thành công và giàu có.\nBí mật tư duy triệu phú là tác phẩm nổi tiếng thế giới được thời báo New York Times, Wall Street Journal và USB Today bình chọn là cuốn sách hay nhất, bán chạy nhất trong nhiều năm.\nNgười nổi tiếng nói về “Bí mật tư duy triệu phú”:\n· \"Ai cũng có một cuộc sống, ai cũng làm việc cần cù, ai cũng ước mơ được thành công, nhưng không mấy ai may mắn học được cách tư duy độc đáo và tầm nhìn của những tỷ phú lừng danh đã tiết lộ trong cuốn sách giá trị này...\" - Wall Street Journal\n· “Đây chính là một trong những cuốn sách giàu ảnh hưởng, rất thuyết phục và thực tế nhất về cách trở nên giàu có mà các bạn từng đọc được” – Brian Tracy (Tác giả cuốn sách Làm giàu theo cách của bạn)\n· “Hãy nghiền ngẫm cuốn sách này như thể cuộc đời rồi sẽ phụ thuộc vào nó… về phương diện tài chính thì khả dĩ lắm đấy” – Anthony Robbins (Nhà diễn thuyết, tác giả cuốn sách nổi tiếng Đánh thức con người phi thường trong bạn)\n· “Bạn cần được TÁI - GIÁO DỤC nếu bạn muốn TÁI ĐỊNH NGHĨA số mệnh tài chính của mình.  Đó cũng chính là những thứ bạn sẽ được học tại : BÍ MẬT TƯ DUY TRIỆU PHÚ - MILLIONAIRE MIND INTENSIVE (NWA)” -  Phạm Tuấn Sơn: Doanh Nhân tiêu biểu Việt Nam - Tác giả cuốn Dám làm giàu - Chủ tịch HĐQT công ty CP Babylons \nBáo chí nói gì về “Bí mật tư duy triệu phú”:\n·“Những tiết lộ cách tư duy độc đáo và tầm nhìn về phương pháp quản lí tiền bạc của triệu phú T. Harv Eker sẽ giúp các bạn thành công hơn trong việc quản lí tài chính hiện tại, tích lũy cho tương lai.” – dantri.com\n·“Bí mật tư duy triệu phú của tác giả T.Harv Eker là cuốn cẩm nang sẽ hướng dẫn bạn cách tư duy cũng như thách thức những mặt còn hạn chế của con người trong đó có các suy nghĩ, thói quen, hành động không tích cực liên quan đến tiền bạc.” – doanhnhansaigon.vn\n\"Bí mật tư duy triệu phú\" giúp khám phá ra bản kế hoạch tài chính trong tâm thức của mình, phát hiện những niềm tin, suy nghĩ tiêu cực, hạn chế về đồng tiền đã khiến cho họ chưa thành công về tài chính như mong muốn, giúp xóa bỏ ngay những niềm tin, suy nghĩ tiêu cực. – vnexpress.vn\n“Sự khác biệt giữa người giàu và người nghèo: Tác giả người Canada T. Harv Eker sẽ giúp bạn trả lời cho câu hỏi điều gì làm nên sự khác nhau đó thông qua cuốn sách \"Bí mật tư duy triệu phú\" – zing.vn\n“Bạn có biết 95% triệu phú trên thế giới đều tay trắng làm nên, và 50% trong số họ đều đã từng trắng tay và làm lại từ đầu. Vậy tại sao xuất phát điểm giữa họ và người nghèo đều như nhau mà lại có sự khác biệt như vậy. Một ngày tình cờ tôi được một người bạn giới thiệu “Bí mật tư duy triệu phú” của T.Harv Eker một cuốn sách đã giúp tôi thay đổi hoàn toàn tư duy về sự giàu có” – daututhanhcong.com\n“Chương trình \"Tư duy triệu phú\" (Millionaire Mind Intensive - MMI) đã được tổ chức tại hơn 80 nước trên khắp các châu lục, giúp thay đổi cuộc sống của hàng triệu người tham gia. Và Tharv Eker - triệu phú người Mỹ, doanh nhân, diễn giả nổi tiếng, người bán hàng bậc thầy thế giới cũng chính là tác giả cuốn sách nổi tiếng bán chạy nhất \"Bí mật tư duy triệu phú\" (The Secret Of Millionaire Mind)” – ndh.vn \nVề tác giả:\nT. Harv Eker lớn lên ở Toronto. Bố mẹ ông là người châu Âu nhập cư, họ đến Bắc Mỹ sau chiến tranh thế giới lần thứ hai với toàn bộ tài sản với chỉ vỏn vẹn 30 đô la. Tuổi thơ nghèo khổ, Eker đã phải kiếm sống bằng nhiều việc như đi giao báo, bán kem, bán hàng ở các hội chợ, bán kem chống nắng ở bãi biển khi mới 13 tuổi. Đôi khi, ông hỏi xin tiền bố nhưng chẳng bao giờ nhận được. Sau khi tốt nghiệp trung học ông học 1 năm tại Đại học New York sau đó bỏ giữa chừng.\nNhững năm đầu thời thanh niên, Eker sống ở 5 thành phố khác nhau, trong đó có Lake Tahoe và Ft. Lauderdale. Ông làm rất nhiều công việc khác nhau với hơn mười hai ngành nghề. Là một người thông minh và đầy tham vọng, mục tiêu của Eker là thành công với chính công ty mình lập ra và trở thành triệu phú. Nhưng cuối cùng dù có làm gì, làm việc chăm chỉ đến đâu, ông vẫn không thành công.\nSau những thất bại đầu tiên, T Harv Eker trở về sống bên cha mẹ. Vào một ngày, khi đang ở trong phòng hầm của nhà mình, người bạn giàu có của cha mình đi xuống gặp ông. Người đàn ông này cảm thấy tiếc cho Eker và ông nói với Eker về bí mật của những người giàu có: \"Eker, khi bằng tuổi cháu, bác còn không làm được nhiều thứ như cháu. Tuy nhiên, mọi thứ đã thay đổi kể từ khi bác biết về những bí mật của người giàu. Và bây giờ, bác muốn kể lại cho cháu\".\nChính câu chuyện của người bạn cha mình đã thay đổi cả cuộc đời của Eker sau này. Ông học được sự khác biệt trong suy nghĩ và cách cư xử của người giàu và người nghèo. Kể từ đó, ông bắt đầu suy nghĩ và nghiên cứu về hành vi của người giàu. Ông đã nhận ra lý do vì sao doanh nghiệp của ông lại thất bại. Thất bại của ông không phải là do lỗi của một đối tác vô trách nhiệm hay là sự thiếu may mắn trong kinh doanh mà thất bại đến từ chính cách nghĩ trước đây của ông. Ông đã luôn luôn lo lắng về tiền bạc. Đây là sai lầm phổ biến trong suy nghĩ của những người không có kế hoạch giữ tiền khôn ngoan.\nSau khi nhận ra vấn đề của mình, Eker luôn cố gắng suy nghĩ và làm theo cách của người giàu. Khi cảm thấy đã thực sự thấm nhuần được tư tưởng trên, ông bắt tay vào làm kinh doanh. Không có vốn, ông quyết định vay 2.000 đôla và mở một cửa hàng bán đồ thể thao. Thời gian này, ông quản lý cửa hàng theo cách của người giàu, cả trong nguyên tắc kinh doanh và trong suy nghĩ chiến lược.\nCuối cùng, ông đã đạt được thành công nhờ nguyên tắc trên. Chỉ trong vòng hai năm chuỗi cửa hàng của ông đã mở rộng thêm 10 chi nhánh. Sau đấy, ông đã bán 1 nửa cổ phần của mình cho Tập đoàn H. J. Heinz với giá 1,6 triệu đô và trở thành triệu phú như mong ước.\nTuy nhiên, chỉ không đầy 2 năm sau, toàn bộ số tiền của ông đã ra đi. Nguyên nhân do những khoản đầu tư sai lầm và chi tiêu không kiểm soát. Eker lại một lần nữa trở lại vạch xuất phát. Và chính tại thời điểm đó T. Harv Eker bắt đầu phát triển học thuyết về mối liên hệ giữa tinh thần và cảm xúc của con người với tiền bạc. Ông nhận ra rằng \"nhiệt kế tài chính\" - thước đo mức độ thành công tài chính, được cài đặt ở một con số nhất định trong mỗi người.\nKhám phá sâu sắc của ông đó là bản kế hoạch tài chính trong tâm thức của mỗi người có thể được thay đổi được. Eker đã thiết lập lại bản kế hoạch tài chính của mình, nó giúp ông không chỉ đạt thành công mà còn tiếp tục duy trì, phát triển và trở thành triệu triệu phú.\nEker là tác giả của cuốn sách bán chạy nhất \"Bí Mật Tư Duy Triệu Phú\" (Secret of Millionaire Mind)  và \"Làm Giàu Nhanh\" (Speed Wealth).\nT. Harv Eker là người sáng lập và là giám đốc Công ty Peak Potential Trainning, một trong những công ty đào tạo - nghiên cứu phát triển nhanh và mạnh nhất thế giới.','https://cdn0.fahasa.com/media/catalog/product/i/m/image_188995_1_1.jpg',1),('8935086854648','Cẩm Nang Con Gái (Tái Bản 2021)','Violeta Basic','Nuôi Dạy Con',3,52.360,NULL,NULL,'NXB Tổng Hợp TPHCM',2021,'Cẩm Nang Con Gái (Tái Bản 2021)\nTuổi dậy thì như một thế giới lung linh sắc màu nhưng cũng thật lắm “ngóc ngách” khó hiểu. Những ai đã đi qua tuổi dậy thì có lẽ chẳng bao giờ quên sự ngạc nhiên tột bậc khi một sáng đứng trước gương, thấy cơ thể mình… khang khác. Và những điều mới mẻ cứ “dắt díu” nhau đến mỗi ngày.\nKhi người lớn đôi khi còn ngần ngại “bật mí” những thắc mắc dài dằng dặc về giới tính, sinh lý… của bạn trẻ thì “Cẩm nang con gái” của nữ tác giả Violeta BaBíc sẽ là người bạn dễ thương đồng hành cùng các em gái trong tuổi dậy thì.\nVới \"Cẩm nang con gái\", các bé gái từ 9 - 19 tuổi sẽ được trang bị kiến thức về những vấn đề gần gũi trong cuộc sống của mình. Các em sẽ hiểu hơn về những thay đổi tâm sinh lý trong giai đoạn dậy thì, những điều mà các em không biết thổ lộ cùng ai.\nBên cạnh đó, trong cuốn sách, tác giả Violeta BaBíc chia sẻ tỉ mỉ về bí quyết cho làn da khỏe mạnh, bí quyết chăm sóc đôi chân, chăm sóc tóc, tập thể dục thể thao, giữ gìn vóc dáng… Tám nguyên tắc để sống khỏe mạnh được liệt kê ngắn gọn: ăn uống điều độ, không bỏ bữa; ăn chậm nhai kỹ; uống nước lọc, không dùng thức uống có cồn, hoạt động thể chất nhiều, nói không với thuốc lá, luôn lạc quan, ngủ ít nhất 8 tiếng mỗi ngày.\nCác em còn học được cách vệ sinh cá nhân đúng cách như rửa tay, tắm gội... để có được sức khỏe như ý. Nhờ thế, các em sẽ tự tin và dần trở thành những cô nàng duyên dáng, đáng yêu\nNgôn ngữ của \"Cẩm nang con gái\" súc tích, ân cần, như một người bạn thủ thỉ với bạn đọc những chia sẻ cần thiết.','https://cdn0.fahasa.com/media/catalog/product/z/3/z3201911566454_951a32cff4e1a7e99d1d6b12fd341292.jpg',1),('8935086856000','Bạn Đang Nghịch Gì Với Đời Mình?','J Krishnamurti','Tâm lý - Kỹ năng sống',3,80.600,NULL,NULL,'Hồng Đức',2022,'Bạn có biết cuộc đời là gì không? Cuộc đời của chúng ta kéo dài từ khoảnh khắc ta được sinh ra cho đến khoảnh khắc ta chết đi, và có lẽ còn hơn thế nữa. Bạn đang nghịch gì với đời mình do triết gia Jiddu Krishnamurti viết giúp bạn hiểu và đi tìm ý nghĩa - mục đích của cuộc sống. \n\n \n\nBạn đang nghịch gì với đời mình xoay quanh những suy nghĩ của J.Krishnamurti về nhiều vấn đề trong cuộc sống của các bạn trẻ là những ý kiến đóng góp độc đáo và chân thực nhất cho tư tưởng giáo dục thế kỷ 21. Những điều mà ông cố gắng truyền tải không can dự gì đến triết lý cuộc đời, chúng là nghệ thuật khám phá cả thế giới bên ngoài lẫn những suy nghĩ và hành vi bên trong mỗi chúng ta;  là sự hiểu biết về tâm trí và trái tim, cũng như về tính toàn thể, vẹn tròn của cuộc sống. \n\nKhi còn trẻ, bạn hay tôi thật khó để biết mình yêu thích công việc gì, bởi vì chúng ta muốn làm rất nhiều thứ. Bạn muốn trở thành một kỹ sư, một người lái tàu, một phi công mang mơ ước bay vào trời xanh; hoặc có thể bạn muốn trở thành một nhà hùng biện hay một chính khách nổi tiếng. Bạn cũng có thể muốn trở thành một nghệ sĩ, một nhà hóa học, một nhà thơ, hay một thợ mộc. Bạn có thể muốn làm việc trí óc hay làm việc chân tay. Liệu những công việc này có phải là những việc mà bạn thực sự yêu thích, hay sự hứng thú với chúng chỉ đến từ phản ứng trước áp lực của xã hội? Làm thế nào để có thể tìm thấy công việc mình yêu thích? \n\nBạn đang nghịch gì với đời mình bao gồm bốn phần – Bản ngã và cuộc đời của bạn – Hiểu biết bản thân, chìa khóa của tự do – Giáo dục công việc và tiền bạc – những mối tương quan. Qua mỗi phần sẽ có nhiều chương nhỏ để triết gia J. Krishnamurti dẫn dắt người đọc đến những vấn đề thực tiễn từ suy nghĩ, thấu thị, hiểu biết, đến hành động cụ thể. Ông chỉ ra rằng ngay với cả nỗi sợ hãi, sự buồn chán, hạnh phúc hay đau khổ, thành công thất bại đều có thể hòa giải trong ý nghĩ của một tâm hồn biết tĩnh lặng.\n\nBạn sao, thế giới vậy, và vấn đề của bạn là vấn đề của thế giới, thế nhưng bằng một cách nào đó chúng ta dường như luôn lãng quên điều này. Vậy thì hãy bắt đầu học cách tĩnh lặng trong phạm vi gần gũi thôi, hãy lưu tâm đến sự hiện hữu hằng ngày của chính mình, từ ý nghĩ, cảm xúc cho đến những hành vi, hoạt động sống cơ bản, cũng như lưu tâm đến mối tương quan giữa chúng ta và các ý tưởng hay niềm tin.\n\nĐọc Bạn đang nghịch gì với đời mình - bạn sẽ khám phá được rằng những ai phải đủ thông minh, sự khôn ngoan, không sợ hãi và từ chối bước trên lối mòn truyền thống của xã hội mới tìm thấy điều mình yêu thích. \n\nCuộc sống là một nguồn nước sâu. Người ta có thể đến với nó với những cái xô nhỏ và chỉ múc được một ít nước, hoặc người ta có thể đến với nó với những cái thùng lớn, múc nhiều nước để sinh hoạt và dự trữ. Thời trẻ là quãng thời gian lý tưởng để người ta tìm tòi và trải nghiệm mọi thứ. Chúc bạn thành công.\n\nĐôi nét về tác giả\n\nJiddu Krishnamurti (1895 – 1986) là một triết gia và nhà diễn thuyết nổi tiếng về các vấn đề triết học và tinh thần, các chủ đề bao gồm: mục đích của thiền định, mối quan hệ giữa con người và phương cách để tạo nên sự thay đổi tích cực cho xã hội.\n\nĐược sinh ra trong một gia đình thuộc tầng lớp Brahmin tại Ấn Độ, nhưng Krishnamurti khẳng định rằng mình không thuộc bất cứ quốc tịch, tầng lớp, tôn giáo hay trường phái triết học nào. Ông dành suốt quãng đời còn lại của mình đi khắp thế giới như một nhà diễn thuyết độc lập.','https://cdn0.fahasa.com/media/catalog/product/8/9/8935086856000.jpg',1),('8935086857366','Hiểu Về Trái Tim (Tái Bản 2023)','Minh Niệm','Tâm lý - Kỹ năng sống',3,142.200,NULL,NULL,'Tổng Hợp TPHCM',2023,'HIỂU VỀ TRÁI TIM – CUỐN SÁCH MỞ CỬA THẾ GIỚI CẢM XÚC CỦA MỖI NGƯỜI  \n“Hiểu về trái tim” là một cuốn sách đặc biệt được viết bởi thiền sư Minh Niệm. Với phong thái và lối hành văn gần gũi với những sinh hoạt của người Việt, thầy Minh Niệm đã thật sự thổi hồn Việt vào cuốn sách nhỏ này.\nXuất bản lần đầu tiên vào năm 2011, Hiểu Về Trái Tim trình làng cũng lúc với kỷ lục: cuốn sách có số lượng in lần đầu lớn nhất: 100.000 bản. Trung tâm sách kỷ lục Việt Nam công nhận kỳ tích ấy nhưng đến nay, con số phát hành của Hiểu về trái tim vẫn chưa có dấu hiệu chậm lại.\nLà tác phẩm đầu tay của nhà sư Minh Niệm, người sáng lập dòng thiền hiểu biết (Understanding Meditation), kết hợp giữa tư tưởng Phật giáo Đại thừa và Thiền nguyên thủy Vipassana, nhưng Hiểu Về Trái Tim không phải tác phẩm thuyết giáo về Phật pháp. Cuốn sách rất “đời” với những ưu tư của một người tu nhìn về cõi thế. Ở đó, có hạnh phúc, có đau khổ, có tình yêu, có cô đơn, có tuyệt vọng, có lười biếng, có yếu đuối, có buông xả… Nhưng, tất cả những hỉ nộ ái ố ấy đều được khoác lên tấm áo mới, một tấm áo tinh khiết và xuyên suốt, khiến người đọc khi nhìn vào, đều thấy mọi sự như nhẹ nhàng hơn…\nTrong dòng chảy tất bật của cuộc sống, có bao giờ chúng ta dừng lại và tự hỏi: Tại sao ta giận? Tại sao ta buồn? Tại sao ta hạnh phúc? Tại sao ta cô đơn?... Tất cả những hiện tượng tâm lý ấy không ngừng biến hóa trong ta và tác động lên đời sống của ta, nhưng ta lại biết rất ít về nguồn gốc và sự vận hành của nó. Chỉ cần một cơn giận, hay một ý niệm nghi ngờ, cũng có thể quét sạch năng lượng bình yên trong ta và khiến ta nhìn mọi thứ đều sai lệch. Từ thất bại này đến đổ vỡ khác mà ta không lý giải nổi, chỉ biết dùng ý chí để tự nhắc nhở mình cố gắng tiến bộ hơn. Cho nên, hiểu về trái tim chính là nhu cầu căn bản nhất của con người.\n \n Hiểu về trái tim là thái độ trở về tiếp nhận và làm mới lại tâm hồn mình. Bởi hiểu được chính mình, ta sẽ dễ dàng hiểu được người khác, để ta có thể thương nhau chân thật.\nXuyên suốt cuốn sách, tác giả đã đưa ra 50 khái niệm trong cuộc sống, 50 bài viết tâm lý trị liệu, được trình bày rất chân phương, dễ hiểu, thực tế,  vốn dĩ rất đời thường nhưng nếu suy ngẫm một chút chúng ta sẽ thấy thật sâu sắc như Khổ đau, Hạnh phúc, Tình yêu, Tức giận, Ghen tuông, Ích kỷ, Tham vọng, Thành thật, Nghi ngờ, Lo lắng, Do dự, Buông xả, Thảnh thơi, Bình yên, Cô đơn, Ái ngữ, Lắng nghe… Đúng như tựa đề sách, sách sẽ giúp ta hiểu về trái tim, hiểu về những tâm trạng, tính cách sâu thẳm trong trái tim ta.\nLúc sinh thời cố Giáo sư, Tiến sĩ Trần Văn Khuê, có dịp tiếp cận với Hiểu Về Trái Tim. Ông nhận xét, như một cuốn sách đầu tiên thuộc chủ đề Hạt Giống Tâm Hồn do một tác giả Việt Nam viết, cuốn sách sẽ giúp người đọc hiểu được cảm xúc của tâm hồn, trái tim của chính mình và của người khác. Để, tận cùng là loại bỏ nỗi buồn, tổn thương và tìm được hạnh phúc trong cuộc sống. Có lẽ, vì điều này mà hơn 10 năm qua, Hiểu về trái tim vẫn là cuốn sách liên tục được tái bản và chưa có dấu hiệu “hạ nhiệt”, nhiều năm trời liên tục nằm trong top sách bán chạy nhất tại Việt Nam.\nĐáng quý hơn, tòan bộ lợi nhuận thu được từ việc phát hành cuốn sách này đều được chuyển về quỹ từ thiện cùng tên “Hiểu về trái tim” để giúp đỡ trẻ em có hoàn cảnh khó khăn, bất hạnh tại Việt Nam. Và đây cũng chính là niềm hạnh phúc cũng như ý nghĩa nhân ái lớn nhất mà cuốn sách đã mang lại, đặc biệt là khi tất cả hành trình này còn có sự đồng hành và góp sức của hàng trăm nghìn bản đọc trên khắp cả nước Việt Nam.\nNgười nổi tiếng nói về cuốn sách:\n“Để chữa lành những tổn thương và nổi đau, cách tốt nhứt và hữu hiệu nhất là cần hiểu rõ được trái tim, tâm hồn của mình, và của người khác, cuốn sách Hiểu về Trái Tim chính là cuốn sách giúp bạn đọc làm được điều đó: Hiểu rõ và chữa lành trái tim, tâm hồn của mình và của những người xung quanh, để mọi người cùng được sống trong hạnh phúc và yêu thương. Với cuốn sách này, chúc bạn đọc sẽ luôn hạnh phúc và không bao giờ phải sống với một trái tim tan vỡ hay một tâm hồn tổn thương”  - Giáo sư – Tiến sĩ Trần Văn Khê\n\"Cuốn sách Hiểu về trái tim được viết ra với những trải nghiệm sâu sắc, nhằm giúp con người hiểu rõ và lý giải những cảm xúc của chính mình để tìm được sự bình an và hạnh phúc thật sự”. - Anh hùng Lao động, Thầy thuốc nhân dân, GS Bác sĩ Nguyễn Thị Ngọc Phượng\n\"Đây chính là con đường của đạo Tâm, với những nguyên tắc sống hạnh phúc – một thứ “an lạc hạnh” – từ những sẻ chia chân thành của tác giả. Con đường hạnh phúc đó đòi hỏi sự khổ luyện, chứng nghiệm qua quán chiếu bản thân, từ đó thấy biết bản chất của khổ đau, phiền não, và, vượt thoát…” - Bác sĩ Đỗ Hồng Ngọc. Nguyên Giám Đốc Trung Tâm Truyền Thông – Giáo Dục Sức Khoẻ TP.HCM\n\"Một cuốn sách hay, thực tế và rất hữu ích cho mọi người, đặc biệt đối với thanh thiếu niên và các bạn trẻ. Nếu rèn luyện được theo những điều hay như thế thì cuộc sống sẽ tốt đẹp hơn rất nhiều\". - Tạ Bích Loan, Trưởng Ban Thanh thiếu niên Đài truyền hình Việt Nam\n\"Đây là một cuốn sách đặc biệt, có tính giáo dục, tự nhận thức cao, được viết từ trái tim để chữa lành những trái tim. Một cuốn sách rất ý nghĩa!”. - Nhà báo Trần Tử Văn, Phó Tổng biên tập Báo Công an TP.HCM\n\"Hiểu về trái tim là cuốn sách thứ 180 của Tủ sách Hạt giống tâm hồn mà First News đã xuất bản, nhưng đây là cuốn sách của một tác giả Việt Nam đã để lại trong tôi những cảm xúc đặc biệt nhất. Với những trải nghiệm sâu sắc và tâm huyết mà tác giả đã viết trong 8 năm chắc chắn sẽ mang đến cho bạn đọc những khám phá mới mẻ và thú vị. Một cánh cửa rộng mở đang chờ đón bạn”. - Nguyễn Văn Phước, Giám đốc First News - Trí Việt\nBáo chí nói gì về “Hiểu về trái tim”:\n“\'Hiểu về trái tim\' là một cuốn sách đặc biệt, được viết nên từ tâm huyết của một nhà thiền sư mang tên Minh Niệm. Đã bao giờ giữa cuộc đời hối hả, bạn chợt dừng lại và tự hỏi mình rằng \' hạnh phúc là gì?\' , \'\' khổ đau là gì?\' hay chưa? Vâng, cuốn sách này sẽ giải đáp cho bạn tất cả những băn khoăn đó.” – baomoi.vn\nVề tác giả:\nSinh tại Châu Thành, Tiền Giang, xuất gia tại Phật Học Viện Huệ Nghiêm – Sài Gòn, Minh Niệm từng thọ giáo thiền sư Thích Nhất Hạnh tại Pháp và thiền sư Tejaniya tại Mỹ. Kết quả sau quá trình tu tập, lĩnh hội kiến thức… Ông quyết định chọn con đường hướng dẫn thiền và khai triển tâm lý trị liệu cho giới trẻ làm Phật sự của mình. Tiếp cận với nhiều người trẻ, lắng nghe thế giới quan của họ và quan sát những đổi thay trong đời sống hiện đại, ông phát hiện có rất nhiều vấn đề của cuộc sống. Nhưng, tất cả, chỉ xuất phát từ một nguyên nhân: Chúng ta chưa hiểu, và chưa hiểu đúng về trái tim mình là chưa cơ chế vận động của những hỉ, nộ, ái, ố trong mỗi con người.\n“Tôi đã từng quyết lòng ra đi tìm hạnh phúc chân thật. Dù thời điểm ấy, ý niệm về hạnh phúc chân thật trong tôi rất mơ hồ nhưng tôi vẫn tin rằng nó có thật và luôn hiện hữu trong thực tại. Hơn mười năm sau, tôi mới thấy con đường. Và cũng chừng ấy năm nữa, tôi mới tự tin đặt bút viết về những điều mình đã khám phá và trải nghiệm…”, tác giả chia sẻ.','https://cdn0.fahasa.com/media/catalog/product/z/4/z4118763446785_cf4bc22d353b065bbb37e686de1f9207.jpg',1),('8935210307859','Mười Phút Mỗi Ngày Thì Thầm Với Con - Những Câu Chuyện Thai Giáo Hay Nhất Thế Giới','Park Hannah, Darin','Nuôi Dạy Con',3,94.250,NULL,NULL,'Văn Học',2022,'Mười Phút Mỗi Ngày Thì Thầm Với Con - Những Câu Chuyện Thai Giáo Hay Nhất Thế Giới\n\nMong muốn sinh ra và nuôi lớn một em bé thông minh, tốt tính và giàu cảm xúc là ước muốn của rất nhiều bậc phụ huynh. Nhưng để hiện thực hóa ước nguyện đó là điều không mấy dễ dàng giữa một xã hội phức tạp, nơi con người phải loay hoay để lựa chọn.\n\nLà một chuyên gia giáo dục, một người mẹ và một người bà, tác giả người Hàn Quốc Park Hannah đã giúp các bậc cha mẹ có được phương pháp thai giáo hiệu quả và dễ dàng thông qua hoạt động đọc thành tiếng những câu chuyện thai giáo cho bé nghe.\n\nKhoa học đã chứng minh trong các giác quan thì sự tác động từ thính giác chiếm tới hơn 80% sự phát triển của tế bào não. Càng cho em bé trong bụng cảm nhận thế giới bên ngoài càng nhiều thông qua âm thanh, cho bé tiếp xúc với nhiều yếu tố kích thích về mặt thính giác thì em bé sẽ càng thông minh. Từ những kết quả nghiên cứu này, tác giả Park Hannah rút ra khẳng định rằng việc đọc những câu chuyện thật hay thành tiếng sẽ giúp kích thích não của bé phát triển hơn rất nhiều. Đây cũng là phương pháp hiệu quả giúp thai nhi ổn định cảm xúc và giao cảm với mẹ.\n\nCuốn sách Mỗi ngày 10 phút thì thầm với con là kết quả của quá trình nghiên cứu và tìm đọc hàng trăm cuốn sách ròng rã hơn 30 năm của tác giả Park Hannah. Bà đã lựa chọn kĩ lưỡng 30 trong số hàng ngàn câu chuyện thiếu nhi dễ thương và hay nhất thế giới để đưa vào cuốn sách này.\n\nCuốn sách được chia thành 5 chương tương đương với 5 thông điệp mà tác giả muốn thay lời của cha mẹ nhắn nhủ đến em bé. Trong mỗi chương gồm có 6 câu chuyện thiếu nhi đáng yêu như Giấc mơ của hạt mù tạt, Ông bố chân dài, Bông hoa hồng và Hoàng tử bé, Dưới ánh sao Provence,… giúp mẹ vừa đọc giải trí vừa kể cho con nghe. Ở đầu và cuối mỗi truyện, tác giả đều đưa ra những lời dẫn dắt và những bài học lay động lòng người, dạt dào tình yêu thương và như một lời nhắn nhủ để thì thầm với con.\n\nĐiều đặc biệt trong cuốn sách này là ở cuối mỗi chương tác giả sẽ tổng kết và đưa ra những phát hiện của mình liên quan trực tiếp đến phương pháp thai giáo đọc sách. Trong đó, độc giả sẽ được giới thiệu các phương pháp thai giáo của những gia đình người nổi tiếng như Marie Curie, Saimdang hay Susedic, phương pháp giáo dục tiền sản bằng heo đất “Tzedakah”, những cách giúp người cha trò chuyện với thai nhi hay phương pháp hát ru truyền thống…\n\nĐây đều là những kiến thức thú vị và vô cùng bổ ích mà các bậc cha mẹ không nên bỏ qua. Một điểm nổi bật thu hút của cuốn sách này là những hình ảnh minh họa đáng yêu của họa sĩ tài năng Darin, người từng có rất nhiều kinh nghiệm trong chuyên ngành hội họa.\n\nMỗi ngày 10 phút thì thầm với con chính là “cuốn thai giáo có ‘giá trị dinh dưỡng’ cao nhất trên thế giới dành cho các bà mẹ dù đang trong thai kì vẫn phải bận rộn với công việc, những người vốn đã quyết tâm chăm chỉ nhưng chỉ cần mở sách ra là thấy buồn ngủ, có thể thực hiện thai giáo bằng một cuốn sách với những câu chuyện ngắn gọn.\n\nCác bà mẹ có thể đọc cuốn sách này một mình, đọc cùng chồng hoặc đọc với bố mẹ, dù thế nào thì hãy đọc to thành tiếng để gửi tới bé yêu những nội dung ý nghĩa. Bởi đó không chỉ là khoảng thời gian giao tiếp với con mà còn mang lại cảm giác mãn nguyện đến chính họ cũng phải ngạc nhiên vì được tiếp cận với những trí tuệ của cuộc đời.”\n\n------\n\nThông tin về tác giả\n\nPark Hannah là người dành cả cuộc đời trong vai trò chuyên gia giáo dục thông qua hoạt động đọc sách, đồng thời là nhà diễn giải văn hóa Hàn Quốc. Bà từng làm việc nhiều năm liền với tư cách diễn giả của chương trình “Humanities on the Street” do Bộ Văn hóa Thể thao Du lịch Hàn Quốc và Hiệp hội Thư viện Hàn Quốc tổ chức. Bên cạnh đó, bà cũng giảng dạy về Nhân văn học trong quá trình nuôi dạy con cho các bậc cha mẹ và các tác phẩm nhân văn kinh điển tại các trường tiểu học.\n\nGần đây, trong quá trình chăm sóc con gái mang bầu và sinh nở, bà đã cùng con gái, con rể đọc sách thai giáo và đây cũng chính là động lực để bà biên soạn cuốn sách này. Trong số rất nhiều những cuốn sách đã đọc trong hơn ba mươi năm kinh nghiệm với vai trò chuyên gia giáo dục đọc sách, bà đã lựa chọn những câu chuyện hay nhất để đưa vào cuốn sách thai giáo này. Trong thời gian tới, bà sẽ tiếp tục hoạt động như một giảng viên hướng dẫn các sản phụ đọc sách cho thai nhi nghe.\n\nCác tác phẩm đã xuất bản của bà: Tự hào Đại Hàn Dân Quốc, Văn hóa Hàn Quốc dành cho người mới, Tặng con món quà du học Trung Quốc và một số tuyển tập văn học như Những bà mẹ đắm chìm trong Nhân văn học, Dòng suối mơ.\n\nHọa sĩ Darin học chuyên ngành gốm sứ và hiện đang là họa sĩ minh họa bằng tranh vẽ và đất sét. Cô đang dần mở ra thế giới tưởng tượng mà bản thân đã ấp ủ từ thời thơ ấu thông qua những câu chuyện và bức vẽ thú vị của mình. Tác phẩm đã xuất bản Bí mật của củ cà rốt khổng lồ.','https://cdn0.fahasa.com/media/catalog/product/8/9/8935210307859.jpg',1),('8935235226272','Nhà Giả Kim (Tái Bản 2020)','Paulo Coelho','Văn học',3,64.780,NULL,NULL,'NXB Hội Nhà Văn',2020,'Tất cả những trải nghiệm trong chuyến phiêu du theo đuổi vận mệnh của mình đã giúp Santiago thấu hiểu được ý nghĩa sâu xa nhất của hạnh phúc, hòa hợp với vũ trụ và con người. \n\nTiểu thuyết Nhà giả kim của Paulo Coelho như một câu chuyện cổ tích giản dị, nhân ái, giàu chất thơ, thấm đẫm những minh triết huyền bí của phương Đông. Trong lần xuất bản đầu tiên tại Brazil vào năm 1988, sách chỉ bán được 900 bản. Nhưng, với số phận đặc biệt của cuốn sách dành cho toàn nhân loại, vượt ra ngoài biên giới quốc gia, Nhà giả kim đã làm rung động hàng triệu tâm hồn, trở thành một trong những cuốn sách bán chạy nhất mọi thời đại, và có thể làm thay đổi cuộc đời người đọc.\n\n“Nhưng nhà luyện kim đan không quan tâm mấy đến những điều ấy. Ông đã từng thấy nhiều người đến rồi đi, trong khi ốc đảo và sa mạc vẫn là ốc đảo và sa mạc. Ông đã thấy vua chúa và kẻ ăn xin đi qua biển cát này, cái biển cát thường xuyên thay hình đổi dạng vì gió thổi nhưng vẫn mãi mãi là biển cát mà ông đã biết từ thuở nhỏ. Tuy vậy, tự đáy lòng mình, ông không thể không cảm thấy vui trước hạnh phúc của mỗi người lữ khách, sau bao ngày chỉ có cát vàng với trời xanh nay được thấy chà là xanh tươi hiện ra trước mắt. ‘Có thể Thượng đế tạo ra sa mạc chỉ để cho con người biết quý trọng cây chà là,’ ông nghĩ.”\n\n- Trích Nhà giả kim\n\nNhận định\n\n“Sau Garcia Márquez, đây là nhà văn Mỹ Latinh được đọc nhiều nhất thế giới.” - The Economist, London, Anh\n\n \n\n“Santiago có khả năng cảm nhận bằng trái tim như Hoàng tử bé của Saint-Exupéry.” - Frankfurter Allgemeine Zeitung, Đức','https://cdn0.fahasa.com/media/catalog/product/i/m/image_195509_1_36793.jpg',1),('8935235228351','Cây Cam Ngọt Của Tôi','José Mauro de Vasconcelos','Văn học',3,88.560,NULL,NULL,'NXB Hội Nhà Văn',2020,'“Vị chua chát của cái nghèo hòa trộn với vị ngọt ngào khi khám phá ra những điều khiến cuộc đời này đáng sống... một tác phẩm kinh điển của Brazil.” - Booklist\n\n“Một cách nhìn cuộc sống gần như hoàn chỉnh từ con mắt trẻ thơ… có sức mạnh sưởi ấm và làm tan nát cõi lòng, dù người đọc ở lứa tuổi nào.” - The National\n\nHãy làm quen với Zezé, cậu bé tinh nghịch siêu hạng đồng thời cũng đáng yêu bậc nhất, với ước mơ lớn lên trở thành nhà thơ cổ thắt nơ bướm. Chẳng phải ai cũng công nhận khoản “đáng yêu” kia đâu nhé. Bởi vì, ở cái xóm ngoại ô nghèo ấy, nỗi khắc khổ bủa vây đã che mờ mắt người ta trước trái tim thiện lương cùng trí tưởng tượng tuyệt vời của cậu bé con năm tuổi.\n\nCó hề gì đâu bao nhiêu là hắt hủi, đánh mắng, vì Zezé đã có một người bạn đặc biệt để trút nỗi lòng: cây cam ngọt nơi vườn sau. Và cả một người bạn nữa, bằng xương bằng thịt, một ngày kia xuất hiện, cho cậu bé nhạy cảm khôn sớm biết thế nào là trìu mến, thế nào là nỗi đau, và mãi mãi thay đổi cuộc đời cậu.\n\nMở đầu bằng những thanh âm trong sáng và kết thúc lắng lại trong những nốt trầm hoài niệm, Cây cam ngọt của tôi khiến ta nhận ra vẻ đẹp thực sự của cuộc sống đến từ những điều giản dị như bông hoa trắng của cái cây sau nhà, và rằng cuộc đời thật khốn khổ nếu thiếu đi lòng yêu thương và niềm trắc ẩn. Cuốn sách kinh điển này bởi thế không ngừng khiến trái tim người đọc khắp thế giới thổn thức, kể từ khi ra mắt lần đầu năm 1968 tại Brazil.\n\nTÁC GIẢ:\n\nJOSÉ MAURO DE VASCONCELOS (1920-1984) là nhà văn người Brazil. Sinh ra trong một gia đình nghèo ở ngoại ô Rio de Janeiro, lớn lên ông phải làm đủ nghề để kiếm sống. Nhưng với tài kể chuyện thiên bẩm, trí nhớ phi thường, trí tưởng tượng tuyệt vời cùng vốn sống phong phú, José cảm thấy trong mình thôi thúc phải trở thành nhà văn nên đã bắt đầu sáng tác năm 22 tuổi. Tác phẩm nổi tiếng nhất của ông là tiểu thuyết mang màu sắc tự truyện Cây cam ngọt của tôi. Cuốn sách được đưa vào chương trình tiểu học của Brazil, được bán bản quyền cho hai mươi quốc gia và chuyển thể thành phim điện ảnh. Ngoài ra, José còn rất thành công trong vai trò diễn viên điện ảnh và biên kịch.','https://cdn0.fahasa.com/media/catalog/product/i/m/image_217480.jpg',1),('8935235235168','Để Con Được Ốm (Tái Bản 2022)','Nguyễn Trí Đoàn, Uyên Bùi','Nuôi Dạy Con',3,98.400,NULL,NULL,'Thế Giới',2022,'“Để con được ốm cần có sự kiên nhẫn giải thích hay thuyết phục của bác sĩ cùng sự thông hiểu và hợp tác từ phía gia đình bé. Đôi khi, sự hợp tác và hiểu biết của phụ huynh còn quan trọng hơn nỗ lực (hay thời gian) của bác sĩ giải thích nữa. Quyết định không dùng kháng sinh hay ‘quay đầu lại’ hay không là tuỳ thuộc ở phụ huynh của các bé, tuỳ thuộc vào sự hiểu biết, kiên nhẫn và quan trọng nhất là sự hợp tác chặt chẽ với bác sĩ của con mình. Đã có nhiều trường hợp ‘quay đầu lại’ thành công, nhiều trường hợp không cần thuốc đắng vẫn dã tật thành công trong suốt 12 năm chúng tôi cùng nhau thực hành y khoa theo đúng chuẩn quốc tế: thực hành dựa trên chứng cứ y khoa tốt nhất cho bệnh nhi, dành thời gian để giải thích, tư vấn và theo dõi sát sao diễn tiến bệnh của bệnh nhi. Việc lo lắng là không thể tránh khỏi, tuy nhiên, sự lo lắng không giúp ích được gì cho bệnh của trẻ, chỉ có kiến thức chăm sóc bệnh đúng mới giúp ích cho trẻ. Và hẳn là các bé sẽ hạnh phúc biết bao khi được tôn trọng ‘quyền được bệnh’. \n- BS. Trí Đoàn','https://cdn0.fahasa.com/media/catalog/product/8/9/8935235235168.jpg',1),('8935235238978','MBA Bằng Hình - The Usual MBA','Jason Barron , MBA','Kinh Tế',3,154.980,NULL,NULL,'Công Thương',2023,'MBA Bằng Hình - The Usual MBA\n\nJason Barron, MBA, là một nhà lãnh đạo đầy sáng tạo tập trung vào chiến lược sản phẩm số và trải nghiệm người dùng. Ông cũng là đồng sự sáng lập nên công ty khởi nghiệp LowestMed, vốn được RetailMeNot thâu tóm vào năm 2018, và hiện nay đang làm quản lý cấp cao cho một tổ chức phi lợi nhuận lớn chuyên về các sản phẩm số cung cấp cho hàng triệu người dùng trên khắp thế giới.\n\nÔng nhận bằng cử nhân từ Đại học Southern Virginia năm 2007 và bằng Thạc sĩ Quản trị Kinh doanh từ Đại học Brigham Young vào năm 2017. \n\nHiện tại Jason đang sống gần Salt Lake City, Utah, với vợ và năm người con. Tìm hiểu thêm về Jason tại địa chỉ jasonbarron.com.\n\nJason Barron mang lại cái nhìn cận cảnh về cấu trúc của khóa học MBA trong trường kinh doanh thông qua những ghi chép trực quan trong một cuốn sách đầy những minh họa lôi cuốn và dễ tiếp thu. Nhờ đó bạn đọc có thể dễ dàng hiểu được những khái niệm quan trọng như:\n\nKế toán quản trị là gì?\n\nLàm sao để hoạch định tài chính khởi nghiệp?\n\nNên lập chiến lược kinh doanh và quản trị doanh nghiệp khởi nghiệp như thế nào?\n\nTài chính doanh nghiệp là gì và làm sao để phân bổ nó hiệu quả?\n\n...\n\nDù bạn đang tính chuyện thi vào trường kinh doanh, hay hiện đang là sinh viên đại học chuyên ngành tài chính, hoặc là người trước nay luôn tự hỏi rốt cuộc người ta dạy cái gì trong chương trình MBA, đây chắc hẳn là một cuốn sách đầy lý thú và trực quan dành cho bạn.','https://cdn0.fahasa.com/media/catalog/product/8/9/8935235238978.jpg',1),('8935251405002','Nghệ Thuật Tư Duy Chiến Lược','Avinash K Dixit, Barry J Nalebuff','Kinh Tế',3,184.030,NULL,NULL,'NXB Lao Động',2019,'Có phải những người chiến thắng các chương trình truyền hình thực tế được trời phú cho trí thông minh và kỹ năng hơn người?\n\nCó phải các nhà đầu tư vĩ đại có thể nhìn thấy những điều mà hầu hết mọi người bỏ lỡ?\n\nCó phải các tay chơi poker sở hữu những tài năng mà chúng ta không có?\n\nCâu trả lời cho tất cả những câu hỏi trên là \"Không hề!\" Họ hoàn toàn \"bình thường\", như bạn, như tôi hay bất cứ ai ngoài kia.\n\nThông qua Nghệ thuật tư duy chiến lược, bạn sẽ thấy \"những người thành công\" trong mọi lĩnh vực từ giải trí đến chính trị, từ giáo dục đến thể thao, v.v... đạt thành công vang dội là nhờ luôn nắm vững lý thuyết trò chơi hay nghệ thuật tư duy chiến lược, với khả năng dự đoán những động thái tiếp theo của người cùng chơi, trong khi biết rõ rằng đối thủ đang cố gắng làm điều tương tự với mình.\n\nNgoài ra, bạn cũng sẽ nắm được những bí kíp vô cùng giản đơn để có thể áp dụng lý thuyết trò chơi vào cuộc sống lẫn công việc, từ đó sở hữu một cuộc đời đáng sống.','https://cdn0.fahasa.com/media/catalog/product/i/m/image_183396.jpg',1),('8935270704551','Chính Sách Tiền Tệ Thế Kỷ 21','Ben S. Bernanke','Kinh Tế',3,250.250,NULL,NULL,'Thế Giới',2023,'Chính Sách Tiền Tệ Thế Kỷ 21\nCuốn sách đầu tiên bàn về lịch sử chống lạm phát & khủng hoảng của Cục Dự trữ Liên bang Hoa Kỳ\nChính sách tiền tệ thế kỷ 21 xem xét Fed – cơ quan quản lý chính sách tiền tệ Mỹ của hiện tại và tương lai chủ yếu thông qua lăng kính lịch sử, nhằm giúp người đọc hiểu được Fed đã làm thế nào để đạt được vị trí như ngày nay, học được gì từ những thách thức đa dạng phải đối mặt, và có thể phát triển như thế nào trong tương lai.\nĐược viết bởi Ben S. Bernanke – người giữ chức Chủ tịch Fed từ năm 2006 đến năm 2014, cuốn sách mang đến cái nhìn tổng quan về quá trình hoạch định chính sách của Fed trong 70 năm qua, cho thấy những thay đổi trong nền kinh tế đã thúc đẩy những đổi mới của Fed như thế nào cũng như những thách thức mới mà Fed phải đối mặt, bao gồm: lạm phát quay trở lại, tiền điện tử, rủi ro bất ổn tài chính gia tăng và các mối đe dọa đối với tính độc lập của tổ chức này.\nNgoài việc giải thích các công cụ hoạch định chính sách mới của hệ thống ngân hàng trung ương, cuốn sách còn kể về những khoảnh khắc kịch tính mà với đó, các quyết định của Fed dưới triết lý của những người từng chèo lái tổ chức này - đã tạo nên nhiều tác động đáng kể. Sách gồm 4 phần:\n1. Sự tăng giảm của lạm phát: bàn về các chiến lược ứng phó của Fed trước Đại Lạm Phát (thập niên 60-80 thế kỷ 20) và giai đoạn bùng nổ 1990.\n2. Khủng hoảng tài chính toàn cầu và Đại Suy thoái: bàn về những thách thức của thiên niên kỷ mới, trong đó có suy thoái 2001, giảm phát 2003, Khủng hoảng tài chính toàn cầu (2007-2008) và Đại Suy thoái (2009).\n3. Từ nâng lãi suất đến đại dịch Covid-19: bàn về chiến lược của Fed từ sau thời Bernanke (2014) đến đại dịch Covid-19, gồm các chính sách nâng lãi suất, chính sách tiền tệ trung lập, nỗ lực đảm bảo tính độc lập của Fed và các biến động dưới thời Jay Powell, và chiến lược ứng phó khủng hoảng trong thời kỳ đại dịch Covid-19.\n4. Tương lai phía trước: đánh giá lại các công cụ mà Fed đã áp dụng, bàn về các phương án & công cụ mới để xây dựng chính sách hiệu quả, mạnh mẽ hơn, vai trò của chính sách tiền tệ trong việc duy trì ổn định tài chính, về tính độc lập và vai trò của Fed trong xã hội.\nNhững đánh giá thành công hay thất bại và những bài học trong chính sách tiền tệ của Mỹ trong 70 năm qua từ một chuyên gia như Bernanke chắc chắn là những kiến thức quý báu cho các nhà hoạch định chính sách và các nhà nghiên cứu kinh tế trên thế giới. Hơn thế, người đọc còn học được từ trong cuốn sách này những bài học về lãnh đạo trong những tình huống khó khăn, về các lựa chọn mà những nhà làm chính sách phải đưa ra trong bối cảnh thông tin không đầy đủ.\nMỘT SỐ TRÍCH ĐOẠN\n“Như tôi thường nhận xét khi còn lãnh đạo Fed, chính sách tiền tệ không phải là thuốc chữa bách bệnh. Nhưng tiền thì quan trọng – rất quan trọng. Như phản ứng của Fed dưới thời Powell trước đại dịch đã minh họa, chính sách tiền tệ trong thế kỷ 21 – và hoạt động ngân hàng trung ương nói chung – được định hình bởi những đổi mới và thay đổi đáng chú ý.”\n“Hầu hết nhà kinh tế tin rằng không nên dùng chính sách tài khóa thống trị, chính sách thường liên quan đến các quốc gia bị chiến tranh, thiên tai hoặc bất ổn chính trị tàn phá. Tuy nhiên, người ủng hộ lý thuyết tiền tệ hiện đại lập luận rằng dạng chính sách tài khóa thống trị là cách hiệu quả nhất để quản lý nền kinh tế.”\n“Nhiều quốc gia khác, cả thị trường mới nổi và các nền kinh tế tiên tiến, đã áp dụng chính sách an toàn vĩ mô nhắm vào tình trạng giá bất động sản và cho vay thế chấp tăng quá cao. Chẳng hạn, một số nước không chỉ đặt ra mức tối đa tỉ lệ cho vay trên giá trị hoặc tỉ lệ nợ trên thu nhập tối đa đối với bên đi vay thế chấp mà còn cho phép các hạn chế đó thay đổi tùy theo diễn biến kinh tế. Các quốc gia khác còn áp dụng quy định giới hạn tỉ lệ khoản thế chấp có mức tiền trả trước thấp hoặc tỉ lệ nợ trên thu nhập cao mà một bên cho vay có thể đưa ra, kìm hãm tốc độ tăng trưởng cho vay chung của ngân hàng hoặc cho phép cơ quan quản lý tăng yêu cầu về vốn khi lo ngại giá nhà đất hoặc tín dụng tăng nhanh chóng.”\n“Fed thường được xem là cơ quan độc lập. Điều này không có nghĩa là Fed hoàn toàn tự chủ, không chịu trách nhiệm giải trình, hoặc tách biệt khỏi chính trị. Trái lại, Fed là sản phẩm của hệ thống chính trị. Quyền hạn và cấu trúc của Fed – hay chính sự tồn tại của Fed – được quy định bởi đạo luật Dự trữ Liên bang, mà Quốc hội có thể sửa đổi bất kỳ lúc nào.”\n“Chính sách tiền tệ vận hành với độ trễ đáng kể và việc nới lỏng hoặc thắt chặt chính sách có thể diễn ra trong khoảng thời gian dài nhiều năm. (Việc nới lỏng và đảo ngược chính sách sau cuộc khủng hoảng tài chính toàn cầu kéo dài hơn một thập kỷ.) Theo đó, tính liên tục và nhất quán của chính sách đòi hỏi các nhà hoạch định chính sách tiền tệ phải duy trì tầm nhìn dài hạn hơn.”\n“Vai trò nổi bật của Fed trong việc ổn định nền kinh tế và hệ thống tài chính đặt ra câu hỏi liệu cơ quan này có thể hỗ trợ giải quyết những vấn đề cấp bách khác không. Ví dụ, cái giá phải trả cho môi trường, xã hội và kinh tế do biến đổi khí hậu gây ra ngày càng rõ rệt. Ở lĩnh vực khác, khủng hoảng do đại dịch làm trầm trọng hơn những rạn nứt sâu sắc trong xã hội Mỹ. Trong số này, tình trạng bất bình đẳng ngày càng lớn về thu nhập và của cải, kinh tế hạn hẹp và tính cơ động xã hội, và sự chênh lệch dai dẳng trong việc tiếp cận chăm sóc sức khỏe, giáo dục, cơ hội kinh tế. Người da màu, người gốc Tây Ban Nha và các nhóm thiểu số khác chịu những bất lợi lớn nhất. Fed có thể giải quyết những vấn đề này không?”','https://cdn0.fahasa.com/media/catalog/product/b/_/b_a---chinh-sach-tien-te-the-ky-21---outline-cs5-01.jpg',1),('8935280908031','Lần Đầu Làm Mẹ','Masato Takeuchi','Nuôi Dạy Con',3,208.000,NULL,NULL,'NXB Lao Động',2021,'Lần Đầu Làm Mẹ\n\nNhững người phụ nữ lần đầu mang thai và sắp sửa được làm mẹ, bạn có cảm thấy hoang mang với thời đại này vì quá nhiều thông tin kiến thức liên quan đến thai nhi và kiến thức sinh nở. Cách tốt nhất tôi muốn khuyên bạn rằng: “Hãy thu thập thông tin từ nguồn chính thống và lắng nghe tiếng nói của bản thân mình.”\n\n“Lần đầu làm mẹ” của bác sĩ sản phụ khoa Masato Takeuchi sẽ giúp bạn thực sự yên tâm hơn với những mối lo lắng của bạn. Tập hợp một cách tỉ mỉ, chi tiết tất cả các vấn đề mà bắt buộc bạn phải biết và trải qua khi lần đầu làm mẹ. Cuốn sách này sẽ giải đáp cho bạn giải quyết được:\n\nNhững điều lo lắng của những người làm mẹ.\n\nNhững điều cần biết, nên làm và không nên làm dành cho những người lần đầu làm mẹ.\n\nNhững dấu hiệu mà người mang thai sẽ phải trải qua\n\nCó một điều mà các bà mẹ lưu ý đó là vấn đề về quy luật sinh nở tự nhiên. Cách sống và môi trường sống hiện tại là điều làm bạn không thể so sánh với những ông bà ta khi xưa, thế nên bạn phải hiểu đúng về luật sinh nở tự nhiên để mọi thứ sẽ được diễn ra tốt đẹp nhất.\n\nCuốn sách mặc dù dài 344 trang, bao gồm 8 phần tuy nhiên kiến thức sẽ được tổng hợp thành từng mục và sẽ chia thành 3 phần chính:\n\nGiới thiệu cụ thể về sự thay đổi của cơ thể khi mang thai và sự phát triển của thai nhi. Trong phần này sẽ có:\n\nLời dặn dò từ tổng biên tập, bác sĩ Masato Takeuchi: sẽ giúp các mẹ bầu cảm thấy ấm áp, có thêm dũng khí và sức mạnh.\n\nGiải thích về những thay đổi cơ thể của  thai phụ trong suốt 10 tháng thai kỳ: bằng hình ảnh minh họa và câu chữ súc tích, ngắn gọn. Cũng có những lưu ý về các vấn đề mà thai phụ thường gặp nữa.\n\nDanh sách tiện lợi: Tập hợp những việc cần làm trong từng giai đoạn. Các danh sách này nằm ở nhiều trang nên có thể dùng như sổ tay ghi nhớ.\n\nSự phát triển của thai nhi trong 10 tháng thai kỳ: được minh họa bằng hình vẽ với kích cỡ thật. Áp hình vẽ này lên bụng, các mẹ bầu sẽ dễ dàng tưởng tượng em bé đã lớn đến chừng nào rồi.\n\nGiới thiệu các bước cơ bản trong việc vệ sinh và chăm sóc trẻ sơ sinh: cùng với những vật dụng cần thiết đúng cách, giúp ích cho các cặp đôi lần đầu làm cha mẹ. Giải thích cẩn thận và  rõ ràng các loại bệnh: cũng như các vấn đề thai phụ hay gặp phải trong khi mang thai, sinh nở kèm theo các cách dự phòng và trị liệu.\n\nBạn có nghĩ rằng việc mang thai một đứa con là một cơ hội tuyệt vời để xem xét lại bản thân mình hay không và đó là một quá trình giúp người mẹ trưởng thành hơn? Vì từ khi có con phải thay đổi mọi thứ từ cách ăn uống, nếp sinh hoạt thường ngày, cách làm việc, quản lý thời gian,…. Và cũng không nên quá lo lắng... ... các sản phụ nên tin tưởng vào sức sống của thai nhi, vào sức mạnh  làm mẹ của chính mình  để trải qua thời  kỳ mang thai  và sinh nở  một cách hạnh  phúc nhé!','https://cdn0.fahasa.com/media/catalog/product/i/m/image_235121.jpg',1),('8935280908833','Bộ Nuôi Con Không Phải Là Cuộc Chiến 1 - Chào Con - Em Bé Sơ Sinh (Tái Bản 2021)','Hachun Lyonnet, Hương Đỗ, Bubu Hương','Nuôi Dạy Con',3,95.200,NULL,NULL,'NXB Lao Động',2021,'Các bạn thân mến, dù là người lớn hay trẻ em, thì chúng ta đều là những cá thể khác nhau từ hình thể, kích thước đến những quan điểm, tính cách, thẩm mỹ, cảm nhận và mong muốn không giống nhau.\nNgay cả những em bé sinh đôi, dù hình dạng có giống nhau đến thế nào đi chăng nữa, bên trong mỗi em là những nhịp sinh học, nguyện vọng và mong muốn hoàn toàn khác nhau. Mỗi em bé đều là duy nhất, với cân nặng khi sinh khác nhau, có các mốc phát triển đột phá không giống nhau.\nCác em bé cũng sẽ chấp nhận và ăn những lượng thức ăn không giống nhau, với các chế độ dinh dưỡng riêng biệt và do đó mà các chu kỳ tiêu hoá sẽ dài ngắn khác nhau, tập lẫy, trƣờn, bò, đi đứng và nói năng cũng sẽ phát triển ở những mốc thời gian khác nhau mà chỉ có bé mới quyết định được – khi bé sẵn sàng. Vì thế, khi nuôi dạy một em bé sơ sinh, xin cha mẹ hãy luôn nhớ rằng: MỌI SỰ SO SÁNH ĐỀU LÀ KHẬP KHIỄNG.\nHãy nhìn bé. Và lấy bé làm cột mốc. Hãy đánh giá sự phát triển của bé, so với chính con vào tuần trước, tháng trước, năm trước. Cách này, cha mẹ không tạo sức ép cho bé và cũng không tạo sức ép cho chính bản thân mình.Làm cha mẹ rất khó mà cũng rất dễ. Bởi làm cha mẹ là bản năng tự nhiên. Xuyên suốt toàn bộ cuốn sách này, chúng tôi luôn đề cao bản năng làm cha mẹ của mỗi ngƣời đồng thời cũng tôn trọng tính khí, đặc điểm riêng và cá tính của từng em bé.\nLàm cha mẹ thông thái không đòi hỏi các bạn phải có bằng đại học, thạc sỹ hay kỹ sư. Làm cha mẹ thông thái cần ở các bạn thật nhiều tình yêu nhưng quan trọng hơn là sự KIÊN NHẪN, kỹ năng quan sát, khả năng xử lí thông tin một cách có lô-gic; khi đó mọi quyết định liên quan đến bé và gia đình đều có cơ sở chứ không chạy theo trào lưu; khi đó, bạn đang làm chủ cuộc sống gia đình của chính mình.\nĐồng hành từ đầu đến cuối của cuốn sách này, bạn sẽ đọc được rất nhiều về NÚT CHỜ và về trình tự sinh hoạt (routine.\nNút chờ chính là bài học về sự quan sát và kiên nhẫn từ cả phía cha mẹ và bé. Nút chờ là lúc cha mẹ quan sát và học “ngôn ngữ” của con, là lúc cha mẹ tìm ra câu hỏi đúng nhất cho từng tiếng khóc và từng cử chỉ của bé. Nút chờ là bài học quí giá về sự kiên nhẫn với cha mẹ và cả cho bé nữa.\nTrình tự sinh hoạt (routine) chính là việc tạo phản xạ có điều kiện cho bé, giúp bé nhận biết trƣớc được điều gì sẽ xảy ra với chính mình. Từ đó, nếp sống của gia đình có thể theo một chu kỳ nhất định, nhịp nhàng và tƣơng đối ít biến động và ít chao đảo hơn rất nhiều so với sinh hoạt ngẫu hứng.\nChúng tôi sẽ bàn nhiều hơn về nút chờ và trình tự sinh hoạt, cũng nhƣ cách áp dụng những chìa khoá vàng này vào hoạt động hàng ngày của bé ở các chƣơng sau của cuốn sách. Sự chuyển biến từ sinh hoạt tuỳ tiện lộn tùng phèo sang nề nếp sẽ đƣợc trình bày qua rất nhiều ví dụ thực tế của các mẹ Việt đã và đang áp dụng hàng ngày.\nVà một điều cuối cùng nhưng vô cùng quan trọng đó là: không có một cặp cha mẹ nào giống nhau. Mỗi chúng ta, bậc làm cha làm mẹ cũng có những hoàn cảnh, quan niệm và tính cách khác nhau, nuôi dưỡng và chăm sóc những đứa trẻ không giống nhau. Thậm chí còn có thể ở những nền văn hoá và môi trƣờng sống rất khác nhau, vì thế, những điều đề cập trong sách này có thể rất có hiệu quả với gia đình này nhƣng lại hoàn toàn không thể áp dụng trong gia đình khác.\nNhiều cha mẹ có thể kiên nhẫn ru con ngủ hàng tiếng đồng hồ và có những cha mẹ khác lại chấp nhận hướng dẫn bé tự ngủ từ sớm. Nhiều em bé có thể hợp tác với phương pháp để trẻ khóc (CIO) nhưng lại có những em bé khác hoàn toàn khổ sở khi áp dụng phƣơng pháp này. Bởi thế, thông điệp lớn nhất và luôn luôn là nền tảng cho quá trình nuôi dạy con của bạn hãy nên là:\nHÃY TIN VÀO BẢN NĂNG LÀM CHA MẸ CỦA CHÍNH MÌNH\nNẾU MỌI CHUYỆN ĐỀU ỔN, KHÔNG SAI KHÔNG HỎNG, ĐỪNG THAY ĐỔI, ĐỪNG SỬA CHỮA.\nMột đặc tính chung của tất thảy các bậc cha mẹ là hay lo lắng. Chúng ta hay lo về bệnh tật và những khiếm khuyết có thể đến với con. Khi nghi ngờ, đừng ngần ngại hỏi ý kiến từ các bác sỹ chuyên môn. Còn nếu con vui vẻ, hạnh phúc, thì những vấn đề nho nhỏ cũng không cần quá lo lắng. Không ai hiểu con bằng chính cha mẹ và những ngƣời chăm sóc bé. Bản năng làm cha mẹ sẽ được nuôi dưỡng và phát triển khi bạn có sự kết nối và hiểu con.\nĐừng sửa chữa khi mọi chuyện đang êm đẹp. Khi con ăn ngoan, ngủ kỹ và phát triển bình thường, dù lịch sinh hoạt của con không giống y nhƣ những gì bạn đƣợc đọc hay đƣợc biết thì cũng đừng quá lo lắng và đừng vội sửa chữa. Hãy chọn những gì phù hợp nhất với hoàn cảnh gia đình bạn và khả năng của con.\nChúng tôi sẽ giúp các bạn cập nhật các thông tin khoa học gần nhất liên quan đến nếp sống, dinh dưỡng và sức khoẻ của trẻ nhỏ. Tuy nhiên, sự lựa chọn cuối cùng vẫn nằm trong tay của các bạn: những bậc làm cha làm mẹ.','https://cdn0.fahasa.com/media/catalog/product/i/m/image_241036.jpg',1),('8935280908840','Bộ\n						\n										\n					Nuôi Con Không Phải Là Cuộc Chiến 2 - E.A.S.Y - Nếp Sinh Hoạt Cho Bé Yêu (Tái Bản 2021)','Hachun Lyonnet, Hương Đỗ','Nuôi Dạy Con',3,103.200,NULL,NULL,'NXB Lao Động',2021,'Những năm trở lại đây, cùng với sự phát hành của hàng loạt các đầu sách về nuôi con tự lập và nuôi con khoa học thì khái niệm sinh hoạt E.A.S.Y hay chu kì sinh hoạt Bú – Chơi – Ngủ cũng đã không còn xa lạ với các cha mẹ Việt. Việc áp dụng trình tự sinh hoạt nhất quán cho con ngay từ khi trẻ mới lọt lòng ngày càng đƣợc phổ biến và mang đến không ít niềm vui cho nhiều gia đình. Chính vì những thành công của việc áp dụng trình tự sinh hoạt này, nhiều cha mẹ có thêm can đảm mở rộng quy mô gia đình cũng nhƣ có thêm những lời khuyên sáng suốt cho bạn bè và ngƣời thân.\n\nE.A.S.Y là một chuỗi trình tự sinh hoạt (routine) (Xem thêm quyển 1, chương 4, phần Trình tự sinh hoạt) lặp đi lặp lại đơn giản, dễ thực hiện có thể đựợc áp dụng ngay từ ngày đầu tiên bé chào đời. Nó được cố chuyên gia về trẻ sơ sinh Tracy Hogg giới thiệu trong bộ sách nổi tiếng Baby Whisperer và đã trở thành một trong những trình tự sinh hoạt cho trẻ sơ sinh đƣợc áp dụng rộng rãi nhất trên toàn cầu. Trong một ngày, từ sau khi thức dậy cho đến khi đi ngủ đêm, một em bé sơ sinh sẽ trải qua các chu trình E.A.S.Y ngắn, đã được định trước, đƣợc lặp đi lặp lại cho đến khi nó trở thành một thói quen – một phản xạ đối với bé. Mỗi một chữ cái trong E.A.S.Y tương ứng với một hoạt động trong chu trình đó, nhƣ sau:\n\nMột ngày của bé sẽ là những chuỗi lặp đi lặp lại của nhiều chu kỳ E.A.S.Y. Bé ngủ dậy sẽ được ăn (E), sau đó mẹ cho bé hoạt động (A) rồi bé ngủ (S) và mẹ có thời gian thƣ giãn (Y). Khi ngủ dậy, bé lại đƣợc tiếp tục cho ăn, hoạt động, ngủ và mẹ có thời gian riêng dành cho mình. Cứ như vậy lặp đi lặp lại cho đến khi bé đi ngủ đêm và một ngày của mẹ con kết thúc!\n\nTrình tự sinh hoạt E.A.S.Y này sẽ theo bé từ khi còn lọt lòng cho tới khi chập chững biết đi, khi vào mẫu giáo và thậm chí cả khi đã đi học tiểu học hay lớn hơn. E.A.S.Y là một trình tự sinh hoạt (routine), chứ không phải một thời gian biểu – một lịch trình (schedule). Rất nhiều cha mẹ đã nhầm lẫn hai khái niệm này với nhau và gộp chung chúng lại làm một và cho rằng áp dụng E.A.S.Y thật cứng nhắc. Tuy nhiên, chúng lại khác nhau hoàn\n\nE.A.S.Y không có gì to tát cả, nó bắt đầu từ khái niệm về qui luật/chu kì/nhịp sinh hoạt. E.A.S.Y giúp con và cả những người chăm sóc bé nắm bắt đƣợc những gì sẽ xảy ra trong ngày. Em bé có quyền đƣợc biết những gì xảy ra với mình. Những ngƣời chăm sóc bé cũng có thể đoán trƣớc đƣợc nhu cầu sắp tới của bé khi bé theo một chu kỳ sinh hoạt nhất định. Điều này giúp cho tất cả các thành viên trong gia đình – dù ở bất cứ cƣơng vị nào – đều có thể trở nên chủ động hợn, biết trƣớc đƣợc những điều gì sắp đến, mọi việc sẽ diễn ra trôi chảy hơn, ít các biến động bất ngờ hơn và từ đó việc chăm sóc trẻ cũng trở nên dễ dàng hơn. . Đây cũng chính là nền tảng xây dựng sự tin tƣởng lẫn nhau giữa em bé và ngƣời chăm sóc, cũng nhƣ xây dựng mối liên kết giữa bé và gia đình.\n\nỞ phần 2 của bộ sách này, nhóm tác giả mời đọc giả cùng tìm hiểu về khái niệm E.A.S.Y và lý do vì sao nó lại thành công đến vậy; cách áp dụng E.A.S.Y cho từng lứa tuổi; những lịch sinh hoạt mẫu và những khúc mắc trong áp dụng E.A.S.Y khi con trải qua các giai đoạn phát triển thể chất và tinh thần.\n\nChúng tôi cũng ghi nhận lại những trƣờng hợp kinh điển và những kinh nghiệm quý báu của các bậc cha mẹ đi trước truyền lại hay những giải pháp tổ chức cuộc sống khoa học khi mẹ quay trở lại đi làm… Xuyên suốt cuốn sách này, với mong muốn nhấn mạnh đến tính chất duy nhất và đặc biệt của từng em bé, chúng tôi cũng không quên đưa ra những giải pháp đặc biệt để cha mẹ có thể tự thiết kế lịch sinh hoạt phù hợp với con và với điều kiện của từng gia đình.','https://cdn0.fahasa.com/media/catalog/product/i/m/image_240806.jpg',1),('8935280909052','Bộ\n						\n										\n					Nuôi Con Không Phải Là Cuộc Chiến 2 - Bé Thơ Tự Ngủ, Cha Mẹ Thư Thái - Quyển 3 (Tái Bản 2021)','Hachun Lyonnet, Hương Đỗ','Nuôi Dạy Con',3,103.200,NULL,NULL,'NXB Lao Động',2021,'Nuôi Con Không Phải Là Cuộc Chiến 2 - Bé Thơ Tự Ngủ, Cha Mẹ Thư Thái - Quyển 3 (Tái Bản 2021)\nNgủ là một trong những hoạt động quan trọng nhất của quá trình phát triển, nhất là ở trẻ em. Bấy lâu nay ở Việt Nam nhu cầu ngủ ở trẻ không được coi trọng một cách đúng đắn. Trong một hội thảo gần đây của ngành y tế, Bác sĩ Johnathan Halevy, Trưởng Khoa Nhi Trung tâm phòng khám Family Medical Practice đã chia sẻ tình trạng sức khỏe do thiếu ngủ của trẻ em Việt Nam cần sớm cải thiện.\nTheo Bác sĩ Johnathan Halevy, tình trạng thiếu ngủ có thể dẫn đến hàng loạt hệ quả nghiêm trọng như tình trạng giảm sút khả năng nhận thức, gây ra các vấn đề về trí nhớ, chức năng vận động, trầm cảm, hành vi và các rối loạn về tâm lý cũng như sự an toàn của trẻ. Có đến một nửa trẻ mầm non và 40% trẻ vị thành niên ngủ ít hơn thời lượng cần thiết mà nguyên nhân phát sinh chủ yếu đến từ sự thiếu coi trọng thời lƣợng nghỉ ngơi cho các bé từ khi còn nhỏ của phụ huynh.\nNgủ rất quan trọng đối với sự phát triển của cơ thể, não và các chức năng nội tiết. Thậm chí, cơ bắp của chúng ta cũng phát triển ngay trong lúc chúng ta đang ngủ, đặc biệt là ở trẻ sơ sinh. Ngủ không đủ giấc hoặc chất lượng giấc ngủ kém sẽ gây ra những ảnh huởng về thể chất, tinh thần, tình cảm, hành vi và nhận thức.\nBé thơ tự ngủ có lẽ là mơ ước của rất nhiều bậc phụ huynh - những người mà dường như việc nuôi con nhỏ đồng nghĩa với việc ru - bế con liên tục và chứng mất ngủ kinh niên. Để không vướng vào tình cảnh này, nhiều bậc cha mẹ chu đáo đã tìm hiểu từ sớm các thông tin giúp bé có thể tự đi vào giấc ngủ mà không cần đến bầu ngực của mẹ, bàn tay ẵm bế của bà hay lời ru của cha, thay vào đó - đến giờ mẹ làm “thủ tục đi ngủ”, đặt con xuống và bé chấp nhận điều đó. Con tự đi vào giấc ngủ một mình trong cũi của chính mình, thậm chí từ khi bé còn rất nhỏ.\nNghe hoang đường quá phải không các bạn? Nhưng, thực sự điều đó là hoàn toàn có thể thực hiện được.\nEm bé tự ngủ là một trong những chủ đề nhạy cảm mà bấy lâu nay tuy được áp dụng rất phổ biến tại phương tây nhưng còn khá xa lạ với các bậc cha mẹ Việt. Em bé tự ngủ hầu như là không thể trong quan niệm của cha mẹ Việt, nhưng một thực tế ngày càng đƣợc hình thành và khẳng định rằng một khi những em bé biết tự ngủ, ngủ tự lập mà không cần sự hỗ trợ (ti mẹ, ru ẵm…) có nhiều cơ hội hơn để ngủ đủ theo nhu cầu của mình.\nCha mẹ có biết, một em bé sơ sinh cần ngủ 16-18h mỗi ngày trong 3 tháng đầu đời? Con số này giảm xuống còn 15-16h khi bé chạm ngƣỡng 6 tháng. Và hầu hết các em bé đều cần ngủ khoảng 14h/ngày cho đến hết sinh nhật 3 tuổi của mình. Nếu con bạn thiếu ngủ, dù chỉ 2h mỗi ngày, đến sinh nhật 1 tuổi bé đã thiếu hụt mất hơn 720h nghỉ ngơi. Không những thế, năm đầu đời trẻ phát triển nhận thức và thể chất khi con ngủ, đặc biệt là ở các giấc ngủ lơ mơ – REM, vậy con bạn đã bỏ lỡ bao nhiêu thời lượng để lớn.\nNgược lại với ăn, là một trong những phản xạ tự nhiên và bản năng sinh tồn lớn ở động vật, để đạt được trạng thái thư giãn và nghỉ ngơi, con cần học cách để trấn an bản thân mình, để quên đi môi trường xung quanh và đưa con vào giấc ngủ. Ở các em bé sơ sinh, khả năng giao tiếp và cảm nhận còn hạn chế, việc mệt mỏi đƣợc thể hiện bằng sự cáu giận, tiếng khóc mà cha mẹ hay gọi là gắt ngủ, nếu không được đáp ứng kịp thời con sẽ chuyển trạng thái ức chế thần kinh, quá mệt và do đó giấc ngủ mất đi khả năng phục hồi sức khỏe.\nTrong những năm phát hành và theo sát các bậc cha mẹ Việt dạy con tự ngủ, chúng tôi đã chứng kiến sự thay đổi khả năng ngủ và việc đáp ứng tốt nhu cầu tự nhiên của một em bé biết tự ngủ so với chính em bé đó, khi con còn bị phụ thuộc vào người lớn để ru ẵm. Chúng tôi cũng nhận thấy không ít sự thay đổi tích cực trong cuộc sống gia đình, tinh thần của cha mẹ và ông bà khi con biết tự ngủ và ngủ đủ, và chính những điều đó là động lực để trong cuốn sách này, chúng tôi có quyết tâm để đi sâu nghiên cứu, ghi chép và truyền tải lại những phương pháp hướng dẫn tự ngủ cho bé thơ!\nĐồng hành cùng rất nhiều gia đình, chúng tôi không quên ghi nhận lại những khó khăn tâm lí của các bậc cha mẹ. Chúng tôi khẳng định, trầm cảm hậu sạn là có tồn tại và có thể gây hậu quả đến cuộc sống của gia đình. Chúng tôi hiểu vai trò tham gia của ngƣời cha có thể cân bằng cuộc sống rất nhiều khi nuôi con nhỏ. Hơn thế, khi soạn thảo bộ sách này, mong muốn tột cùng của chúng tôi là chia sẻ và xóa bớt những lo lắng cùng các gia đình, để các bậc phụ huynh sẽ trở thành những chuyên gia của nghệ thuật làm “cha mẹ thông thái”.\nChúc các em có những giấc ngủ ngon trong những gia đình hạnh phúc.','https://cdn0.fahasa.com/media/catalog/product/8/9/8935280909052_1.jpg',1),('8935325000379','Thương','Nhiều Tác Giả','Văn học',3,60.000,NULL,NULL,'NXB Phụ Nữ Việt Nam',2021,'\"Em nói em từ bỏ\nSao em lại đau lòng?\nEm nói em từ bỏ\nSao em còn trông mong?\"\n \nĐược viết bởi các tác giả đến từ Group Thìa Đầy Thơ - nơi hội tụ thế hệ trẻ yêu thơ và làm thơ, \"Thương\" là một tập thơ rất tình, ngẫu hứng, và đầy sáng tạo. Ở “Thương ” không có bóng dáng của một nhân vật nhất định, nhưng mang lại cho người đọc đầy đủ tất cả cảm xúc về tình yêu, tuổi trẻ và cuộc đời.\n \nThực sự không khó để tìm được sự đồng điệu tâm hồn với những dòng thơ ấy. Sự đồng cảm trong giai điệu mà “Thương” phủ lên đôi môi của độc giả có chút nhẹ nhàng, bâng quơ, gần gũi, dễ đọc, dễ  đánh thức sự lãng mạn cùng những tâm tư chưa từng tỏ bày cùng ai. Đó là thứ thơ phóng khoáng, trẻ trung đầy sức sống, đôi khi da diết, đôi khi lửng lơ, phảng phất đủ loại thăng trầm được biểu đạt theo một cách hết sức dễ chịu. Bạn hẳn sẽ thấy chính mình trong đó. Đó là những ấm áp len lỏi của tình cảm gia đình, là ngọt ngào hạnh phúc của tình yêu, là những phút giây chậm lại để sống. Là nhớ thương chờ đợi, là giận hờn vu vơ, là lo sợ được mất và cả những tổn thương, những lần tự chữa lành.\n \nMàu sắc đặc biệt trong “Thương” nằm ở sự thành thật nhưng mang đậm chất mơ mộng rất đặc trưng của thơ. Những góc nhìn về cuộc sống, về quan hệ bạn bè, với xã hội và vẻ đẹp tình yêu đều được phơi bày hết sự giản đơn, đời thường:\n \n“Ba giờ mẹ vẫn dậy\nMặc giá rét mùa đông\nVì tình mẹ ấm áp\nCòn hơn bếp lửa hồng.”\n \nKhông gò bó về phương thức diễn đạt, đa dạng về thể loại, chất lượng về nội dung, cùng sự linh hoạt trẻ trung, nhưng cũng rất lắng đọng và nghệ thuật, “Thương” chắc chắn sẽ đem lại cho bạn những rung cảm đẹp đẽ và nhiều bất ngờ vể một thế hệ trẻ làm thơ . Một thế hệ vẫn luôn tìm cách giữ gìn và phát huy sự diệu kỳ của tiếng Việt.\n \nDù là đọc để thưởng thức, hay đọc để tìm sự ủi an. Gấp lại “Thương”,  mong rằng những “thương đau” nếu có trong lòng bạn cũng tới ngày được xoa dịu và hơn cả là để “thương yêu”, thêm một lần nữa đầy trong tim!\n \nĐây sẽ món quà vỗ về trái tim bạn sau những giông bão cuộc đời, đưa bạn trở về những ngày tháng niên thiếu tươi đẹp.','https://cdn0.fahasa.com/media/catalog/product/b/i/bia1_thuong_1.jpg',1),('8935325006289','Tô Bình Yên Vẽ Hạnh Phúc (Tái Bản 2022)','Kulzsc','Văn học',3,70.400,NULL,NULL,'NXB Phụ Nữ Việt Nam',2022,'Tô Bình Yên Vẽ Hạnh Phúc (Tái Bản 2022)\n\nSau thành công của cuốn sách đầu tay “Phải lòng với cô đơn” chàng họa sĩ nổi tiếng và tài năng Kulzsc đã trở lại với một cuốn sách vô cùng đặc biệt mang tên: \"Tô bình yên - vẽ hạnh phúc” – sắc nét phong cách cá nhân với một chút “thơ thẩn, rất hiền”.\n\nKhông giống với những cuốn sách chỉ để đọc, “Tô bình yên – vẽ hạnh phúc” là một cuốn sách mà độc giả vừa tìm được “Hạnh phúc to to từ những điều nho nhỏ” vừa được thực hành ngay lập tức. Một sự kết hợp mới lạ đầy thú vị giữa thể loại sách tản văn và sách tô màu. Lật mở cuốn sách này, bạn sẽ thấy vô vàn những điều nhỏ bé dễ thương lan tòa nguồn năng lượng tích cực. Và kèm theo một list những điều tuyệt vời khiến bạn không thể bỏ lỡ:\n\n- Tận tình chỉ dẫn: 8 hướng dẫn tô màu đầy hứng thú từ Kulzsc\n\n- Tranh vẽ đơn giản, gần gũi. Nét vẽ đáng yêu, dễ thương\n\n- Chủ đề xoay quanh những điều bình yên trong cuộc sống: Đọc sách, đi dạo, dọn dẹp nhà cửa, trồng cây, ăn cơm mẹ nấu, nghe một bản nhạc hay, và nghĩ về nụ cười của một ai đó…\n\n- Mỗi bức tranh lại là những lời thủ thỉ, tâm tình của tác giả. Là những điều nhắn gửi nho nhỏ mong bạn bớt đi những xao động:\n\n“Em chọn hạnh phúc\n\nEm chọn bình yên\n\nEm chọn bên cạnh\n\nNhững điều an yên”\n\nHay đơn giản là những giãi bày ngắn gọn, thay nỗi lòng của một ai đó: \"Tớ biết cậu một mình vẫn ổn, nhưng có những chuyện, có ai đó cùng làm, vẫn hơn.\"\n\nThông qua những hình vẽ đang đợi được lấp đầy bằng muôn vàn sắc màu ấy, Kulzsc sẽ giúp bạn - những người lớn cô đơn, những ai đang cần bổ sung vitamin hạnh phúc “truy tìm” những niềm vui bị bỏ quên hay tuyệt chiêu để đối phó với stress.\n\nBởi tô màu là một hình thức chữa lành đơn giản mà hiệu quả, nên mỗi khi thấy bực dọc, chán nản, hay khiến mình bận rộn hơn hãy thử tìm tới “Tô bình yên - vẽ hạnh phúc” cùng hộp màu đã cất lâu trong tủ và... Sao không thể là một đám mây màu tím, một mái tóc vàng tươi hay một nụ hoa màu xanh biển nhỉ? Không cần phải đắn đo đâu, bạn cứ thoải mái xóa đi căng thẳng, xóa đi những gam màu u ám, tự tay mình điểm tô những màu sắc tươi sáng lấp lánh, đầy ắp hy vọng theo ý thích, tận hưởng những phút thư giãn thật bình yên không muộn phiền thôi nào.','https://cdn0.fahasa.com/media/catalog/product/8/9/8935325006289.jpg',1),('8935325009433','Ghi Chép Pháp Y - Những Cái Chết Bí Ẩn','Lưu Hiểu Huy','Văn học',3,115.500,NULL,NULL,'Thanh Niên',2023,'GHI CHÉP PHÁP Y - NHỮNG CÁI CHẾT BÍ ẨN –\nLàm cách nào để một “xác chết lên tiếng”? - đó là công việc của bác sĩ pháp y. \n“Ghi chép pháp y - Những cái chết bí ẩn” là cuốn sách nằm trong hệ liệt với “Pháp y Tần Minh” - bộ tiểu thuyết nổi đình đám của xứ Trung đã được chuyển thể thành series phim. Cuốn sách tổng hợp những vụ án có thật, được viết bởi bác sĩ pháp y Lưu Hiểu Huy - người có 15 năm kinh nghiệm và từng mổ xẻ hơn 800 tử thi. \nTrải qua 15 câu chuyện kinh hoàng, cuốn sách sẽ đưa bạn bước vào hiện trường của những vụ án man rợ như: xác chết phi tang dưới cánh đồng ngô, thi thể thiếu nữ không lành lặn, xác chết nhầy nhụa đang bị giòi bọ đục khoét hay một thi thể co cứng trong màng bọc nilon…lần theo những dấu vết, ghép lại sự thật từ những mảnh vụn thi thể, nguyên nhân của cái chết sẽ dần được hé mở.\nMỗi vụ án đều là một ẩn số, hiện trường vụ án bao gồm cả xác chết chính là chiếc chìa khóa để truy tìm hung thủ ngay cả khi nó không còn nguyên vẹn. Vậy làm cách để các bác sĩ pháp y có thể xác định thương tật, các dấu hiệu cơ thể bị xâm hại? Cuốn sách này sẽ trình bày những kiến thức chuyên môn và quy trình xử lý vụ án, từ hiện trường vụ án đến đài giải phẫu, xét nghiệm nội tạng, phân tích chất độc… từng bước tìm ra bí mật ẩn giấu sau mỗi tử thi, phơi bày những manh mối liên quan đến tội ác con người và lỗ hổng của xã hội.\nKhông chỉ thuật lại những vụ án và các phương pháp pháp y, cuốn sách còn chứa đựng cảm xúc của tác giả đối với nghề nghiệp và sự méo mó của bản chất con người. Chẳng hạn, một đứa trẻ bệnh nặng phải đau đớn đến thế nào khi bị người nhà đem ra làm công cụ để đòi bồi thường? Cuốn sách sẽ phơi bày những góc khuất của xã hội, những hành vi thủ ác, sự biến chất và mất nhân tính của một bộ phận con người trong xã hội.\nNếu bạn tò mò muốn biết cách đánh giá tuổi của người chết dựa trên mức độ mòn răng? Hay cách dùng một con giòi từ người chết để suy ra thời điểm chính xác của vụ án giết người?  Hy vọng cuốn sách này sẽ cho bạn trải nghiệm khó quên về nghề pháp y.','https://cdn0.fahasa.com/media/catalog/product/b/_/b_a-tr_c---ph_p-y-600.jpg',1),('8935325011559','Đám Trẻ Ở Đại Dương Đen','Châu Sa Đáy Mắt','Văn học',3,76.230,NULL,NULL,'Thế Giới',2023,'Đám Trẻ Ở Đại Dương Đen\n“nỗi buồn không rõ hình thù\nta cho nó dáng, ta thu vào lòng\nta ôm mà chẳng đề phòng\nmột ngày nó lớn chất chồng tâm can”\n“kẻ sống muốn đời cạn\nngười chết muốn hồi sinh\ntrần gian bi hài nhỉ?\nta còn muốn bỏ mình?”\nĐám trẻ ở đại dương đen là lời độc thoại và đối thoại của những đứa trẻ ở đại dương đen, nơi từng lớp sóng của nỗi buồn và tuyệt vọng không ngừng cuộn trào, lúc âm ỉ, khi dữ dội. Những đứa trẻ ấy phải vật lộn trong những góc tối tâm lý, với sự u uất đè nén từ tổn thương khi không được sinh ra trong một gia đình toàn vẹn, ấm êm, khi phải mang trên đôi vai non dại những gánh nặng không tưởng.\nSong song đó cũng là quá trình tự chữa lành vô cùng khó khăn của đám trẻ, cố gắng vươn mình ra khỏi đại dương đen, tìm cho mình một ánh sáng. Và chính những sự nỗ lực xoa dịu chính mình đó đã hóa thành những câu từ trong cuốn sách này, bất kể đau đớn thế nào.\nCuốn sách được viết bởi Châu Sa Đáy Mắt, một tác giả GenZ mong muốn cùng các bạn trẻ bộc bạch và vỗ về những xúc cảm chân thật về gia đình, xã hội và chính bản thân.\nSách được phát hành bởi Wavebooks - thương hiệu sách dành cho người Việt trẻ.','https://cdn0.fahasa.com/media/catalog/product/8/9/8935325011559.jpg',1),('8935325015106','Ghi Chép Pháp Y - Tập 2 - Khi Tử Thi Biết Nói','Liêu Tiểu Đao','Văn học',3,96.250,NULL,NULL,'Thanh Niên',2023,'Ghi Chép Pháp Y - Tập 2 - Khi Tử Thi Biết Nói\nGHI CHÉP PHÁP Y 2 - KHI TỬ THI BIẾT NÓI\nNếu kẻ thủ ác dùng cái chết để khiến một người im lặng, thì bác sĩ pháp y sẽ giúp nạn nhân “mở miệng” thông qua những mật mã để lại trên thi thể.\n“Ghi chép pháp y 2 - Khi tử thi biết nói” được tác giả của bộ tiểu thuyết đình đám “Pháp y Tần Minh” và Phó giám đốc Hiệp hội pháp y Trung Quốc - Châu Diệc Vũ giới thiệu, là một trong những cuốn sách về pháp y và tội phạm đáng đọc nhất. Cuốn sách tổng hợp 8 vụ án có thật, được viết bởi bác sĩ pháp y Liêu Tiểu Đao với 18 năm kinh nghiệm mổ xẻ tử thi bằng con dao bạc số 24.\nCuốn sách sẽ dẫn bạn bước vào hiện trường những vụ án ghê rợn, dưới góc nhìn chuyên môn của một bác sĩ pháp y: luộc xương để đoán tuổi xác chết, xác định thời gian tử vong dựa vào vỏ nhộng trên thi thể, dùng găng tay da người để nhận dạng danh tính nạn nhân… từng bước rửa oan cho người đã khuất, phơi bày những lỗ hổng pháp luật và sự mất nhân tính của một bộ phận con người trong xã hội.\nKhông chỉ thuật lại các phương pháp nghiệp vụ, cuốn sách còn chứa đựng suy tư của tác giả về những vụ án dai dẳng không lời giải đáp, những tử thi vô danh không thể lên tiếng và những gia đình còn ôm hy vọng tìm được xác người thân…\n‘Những vụ án chưa giải quyết không phải là một xấp giấy mỏng, mà đó là những “nấm mồ” của các nạn nhân đè lên tim tôi.”\nHiện trường vụ án là chiến trường của bác sĩ pháp y và xác chết là chìa khóa để truy tìm hung thủ. Tiếp nối thành công của “Ghi chép pháp y - Những cái chết bí ẩn”, hy vọng cuốn sách này sẽ đem tới cho bạn trải nghiệm chân thực về quá trình phá án, giải mã uẩn khúc đằng sau những mảnh vụn thi thể.','https://cdn0.fahasa.com/media/catalog/product/b/_/b_a-tr_c-gcpy-2-1.jpg',1),('8935325015618','999 Lá Thư Gửi Cho Chính Mình - Tô Màu Cuộc Sống','Miêu Công Tử, Hà Trang (Tahtag)','Văn học',3,76.230,NULL,NULL,'Thanh Niên',2023,'999 Lá Thư Gửi Cho Chính Mình - Tô Màu Cuộc Sống\nChúng mình đều biết những sắc màu của cuộc sống đều bắt nguồn từ những điều bình dị và thường nhật nhất xung quanh mà ta vẫn thường tiếp xúc mỗi ngày: như bầu trời xanh ngát, như áng mây trắng tinh, như ánh nắng phủ vàng lên những đóa hoa hồng ngọt… Thế nhưng nhịp sống hàng ngày của chúng ta luôn trôi qua trong sự vội vã, những bộn bề hóa thành “bộ lọc” biến bức tranh cuộc sống muôn màu kia trở nên ảm đạm và phủ đầy âu lo, khiến ta dường như quên lãng việc phải khám phá ra những vẻ đẹp thuần khiết của vạn vật, quên mất rằng thế giới mà chúng ta đang sống cũng có những điều nhỏ nhặt đáng quý và đáng yêu biết nhường nào.\nHiểu thấu được điều đó, “999 lá thư gửi cho chính mình” – Phiên bản “Tô màu cuộc sống” chính thức ra đời với sứ mệnh mang đến cho cuộc sống của bạn thêm nhiều điều hạnh phúc ngọt ngào thông qua những lá thư đầy ý nghĩa kết hợp cùng những bức tranh sinh động nhất đợi bạn đặt bút tô điểm. Đến với cuốn sách này, chúng mình mong rằng bạn có thể tự tay vẽ nên những giấc mơ của riêng bạn, những giây phút thăng hoa trong cuộc sống, có thể tô điểm thêm cho những khoảnh khắc đời thường trở nên rực rỡ và muôn phần lộng lẫy hơn. Mong rằng những gam màu ấm áp và tươi vui do chính tay bạn tô vẽ có thể xoa dịu và chữa lành những bất an bên trong bạn, để thế giới xung quanh bạn trở nên muôn màu muôn vẻ, mang không khí tươi trẻ và nhiệt huyết ngập tràn, đón ánh ban mai và vui sống!','https://cdn0.fahasa.com/media/catalog/product/9/9/999-l_-th_-g_i-cho-ch_nh-m_nh-_-t_-m_u-cu_c-s_ng.jpg',1),('8935325015984','Trốn Lên Mái Nhà Để Khóc - Tặng Kèm Bookmark','Lam','Văn học',3,76.000,NULL,NULL,'Dân Trí',2023,'Trốn Lên Mái Nhà Để Khóc\nNhững cơn gió heo may len lỏi vào từng góc phố nhỏ, mùa thu về gợi nhớ bao yêu thương đong đầy, bao xúc cảm dịu dàng của ký ức. Đó là nỗi nhớ đau đáu những hương vị quen thuộc của đồng nội, là hoài niệm bất chợt khi đi trên con đường cũ in dấu bao kỷ niệm... để rồi ta ước có một chuyến tàu kỳ diệu trở về những năm tháng ấy, trở về nơi nương náu bình yên sau những tháng ngày loay hoay để học cách trở thành một người lớn. Bạn sẽ được đắm mình trong những cảm xúc đẹp đẽ xen lẫn những tiếc nuối đầy lắng đọng trong “Trốn lên mái nhà đẻ khóc” của Lam.\nCó nhiều câu chuyện luôn nằm trong khảm sâu của ký ức…\nVí như, hồi nhỏ vào ngày hạ sao giăng đầy trời, được nằm dưới hiên nhà cùng bà ngắm bầu trời đêm cùng chú cún cứ ve vẩy cái đuôi đến thích thú,\nVí như khi lớn hơn một chút, cùng đám bạn nhỏ cùng làng rong ruổi khắp bờ đê thả diều nhảy dây dưới màu trời của hoàng hôn ấm áp,\nVí như từng chiều nghe mùi cơm nếp thơm thoang thoảng cùng lời mẹ gọi về nơi đầu ngõ\n…\nĐến một thời điểm, chúng ta sẽ đột nhiên nhớ đến những chuyện đã từng quên, nhớ đến những người đã tạm biệt; sau đó bình tĩnh nói với bản thân, cũng tốt, chính bởi những sự kiện đó, ta mới dần trở thành ta của bây giờ. Và cũng chính bởi vậy, tất thảy những nỗi buồn xuất hiện đều thật đẹp, để bạn biết yêu thương và trân trọng những gì mình đang có.\nNếu như trong cuốn sách đầu tay “Đi vòng thế giới vẫn quanh một người”, Lam vỗ về chênh vênh trong lòng bạn bằng những vần thơ dịu dàng, thì đến \"Trốn lên mái nhà để khóc\" Lam sẽ tiếp thêm cho bạn can đảm để đối mặt với những tổn thương của mình, khiến bạn vững vàng và tin tưởng vào những điều mà bạn đã chọn.\nXuyên suốt 208 trang viết là những tản văn về mẹ, về bà, về gia đình và những mảnh kí ức còn đó của tuổi thơ. Từng trang sách, từng mẩu chuyện trong “Trốn lên mái nhà để khóc” tựa như một cuộn phim tua chậm, phía sau thước phim ấy là những câu chuyện mà Lam đã cất giấu ở một góc trời bao lâu nay, Lam sẽ đưa bạn về một vùng trời ký ức bình yên mà hồi ấy còn hồn nhiên vô tư trong nụ cười của những đứa trẻ.\n“Em đã cất lại ước mơ về những con diều ở một góc thật sâu trong lòng mình. Nhưng em không thể ngăn đôi mắt ngước nhìn bầu trời những khi mùa gió đến, cũng chẳng thể ngăn đôi chân cứ rảo bước về phía triền đê, chạy theo những cánh diều không mang tên mình trên đó.”\nTrái tim bạn, sẽ một lần nữa rung lên như những bản nhạc qua từng câu chữ, từng nhịp thơ mà Lam gửi gắm qua những niềm vui, nỗi buồn, hạnh phúc và cả buồn tủi...\n“có những đứa trẻ lớn lên từ nhà\ncó những đứa trẻ từ thương tổn nơi đó đi ra\nnếu đứa trẻ nào cũng là một bông hoa\nmình mong em có đủ nắng vàng\nđể chờ ngày bung nở.”\nNếu bạn không biết phải nương mình vào đâu sau những bộn bề thì cuốn sách này của Lam tựa như một mái nhà đầy sao để bạn nép vào. Nơi kí ức được lưu giữ một khoảng trời riêng, nơi còn đó mùi hương của bà và hình ảnh của ông vẫn vẹn nguyên dù tháng năm có trôi đi. Nơi bạn có thể thoải mái thả trôi cảm xúc của mình mà chẳng cần gồng mình lên với những suy nghĩ của những người ngoài kia.\n“Trốn lên mái nhà để khóc” là cuốn nhật ký nhỏ ghi lại những hoài niệm đẹp đẽ cất giữ vào góc nhỏ nơi sâu thẳm của trái tim của mỗi người, đồng thời cũng là người bạn đồng hành để chúng ta tiếp tục bước đi đến tương lai. Sau khi “Trốn lên mái nhà và khóc” khép lại, hãy mạnh mẽ để sống hết mình và để lại “những tháng năm rực rỡ”.','https://cdn0.fahasa.com/media/catalog/product/b/_/b_a-1-tr_n-l_n-m_i-nh_-_-kh_c-2.jpg',1),('8935325016325','Manifest - 7 Bước Để Thay Đổi Cuộc Đời Bạn Mãi Mãi','Roxie Nafousi','Tâm lý - Kỹ năng sống',3,68.530,NULL,NULL,'Thế Giới',2023,'Manifest - 7 Bước Để Thay Đổi Cuộc Đời Bạn Mãi Mãi\n“Ai đã từng nói với bạn rằng bạn không thể có tất cả.\nTôi ở đây để nói với bạn rằng bạn có thể.”\n_ Roxie Nafousi _\nMở ra cánh cửa Manifest và giải phóng tiềm năng vô hạn của chính mình cùng cuốn sách MANIFEST – 7 bước để thay đổi cuộc đời bạn mãi mãi.\nCuốn sách này là một chỉ dẫn cần thiết cho bất kỳ ai muốn tự làm chủ cuộc đời mình. Chỉ với 7 bước cơ bản, bạn có thể hoàn toàn hiểu được Manifest thực sự là gì và tạo ra một cuộc sống mà bạn hằng mong ước.\nLà một sự giao thoa giữa khoa học và sự thông thái, Manifest là một dạng rèn luyện phát triển bản thân, học cách yêu bản thân, giúp bạn vươn tới mục tiêu và sống một cuộc sống viên mãn nhất.\nMANIFEST – 7 bước để thay đổi cuộc đời bạn mãi mãi được in bằng chất liệu giấy in cao cấp; bìa cán mờ, được tặng kèm 1 bookmark.','https://cdn0.fahasa.com/media/catalog/product/b/_/b_a-tr_c-manifest.jpg',1),('8935325017353','Một Đời Được Mất','Vãn Tình','Tâm lý - Kỹ năng sống',3,107.030,NULL,NULL,'Thế Giới',2021,'Một Đời Được Mất\n- Mọi vấn đề khó quyết định trong cuộc đời này, đều có thể suy xét dưới góc nhìn “Được” và “Mất”.\n- Có những thứ bạn nghĩ mình “được”, nhưng thực chất chỉ là ảo mộng hão huyền. Cũng có những thứ bạn nghĩ mình “mất”, nhưng cuộc sống chắc chắn sẽ “trả lại” cho bạn dưới một hình thức khác.\n- Tất cả những điều ấy – đều không thể đoán trước được.\nBạn chỉ cần sống hiên ngang, tự tin – không thẹn với lòng mà thôi!\nĐó là những lời nhắn gửi chân thành và tinh túy được đúc rút từ cuốn sách mới nhất của Vãn Tình – Một đời được mất. Đây là cuốn sách thứ chín của cô xuất bản tại thị trường Việt Nam bởi thương hiệu Bloom Books, đánh dấu son rực rỡ trên hành trình phấn đấu và trưởng thành của nữ tác giả đầu sách best seller Bạn đắt giá bao nhiêu? và Khí chất bao nhiêu, hạnh phúc bấy nhiêu.\nNăm tháng không lấy đi nhiệt huyết của cô mà còn ban tặng cho cô những kinh nghiệm vô cùng quý giá - dưới góc nhìn của một người phụ nữ đã đi qua bóng tối cuộc đời, cũng đã chạm đến đỉnh cao danh vọng, sống một đời phong phú, viên mãn. Những câu chuyện trong Một đời được mất vẫn được “mổ xẻ” một cách sắc bén, trực diện – nhưng có sự suy xét tinh tế hơn cả về lý lẽ và tình cảm, điều mà hiếm ai có thể làm được nếu chưa trải qua đủ những cung bậc thăng trầm của cuộc đời, gặp đủ nhiều người và trò chuyện đủ lâu với họ để soi thấu những điều cần tỏ tường.\nLần trở lại này, Một đời được mất đem đến hơn bốn mươi câu chuyện xoay quanh những vấn đề cơ bản của cuộc sống: đi làm, thăng tiến, hôn nhân, gia đình, quan hệ mẹ chồng – nàng dâu, quan hệ bạn bè,... với tâm thế:\nPhụ nữ mạnh mẽ, là người có khả năng cầm lên được, bỏ xuống được\nTrích dẫn hay của Vãn Tình trong Một đời được mất:\n1. Con người ta sống trên đời, nhiều khi chỉ muốn “nhận được”, mà không nỡ “bỏ đi” – thực ra cũng là lẽ thường tình, nhưng sự đời thường là: Phải có dũng khí “bỏ đi” thì mới “nhận được” thành quả. Người cái gì cũng muốn, cuối cùng lại thường mất đi tất cả. Khi bạn đã hiểu được đạo lý này, bạn sẽ biết mình nên lựa chọn ra sao.\n2. Nỗi đau mà đàn ông gây ra không phải là đau khổ thực sự mà chỉ là cảm xúc nhất thời. Phụ nữ mà không có khả năng nuôi sống bản thân mới thực sự là đau khổ. Phụ nữ không có tiền mà ly hôn mới gọi là “ly hôn”, phụ nữ có tiền mà ly hôn thì được gọi là “trở lại trạng thái độc thân”. Phụ nữ không có tiền kết hôn gọi là tìm kiếm “phiếu cơm dài hạn”, phụ nữ có tiền kết hôn gọi là “theo đuổi tình yêu đích thực”.\n3. Khi một mối quan hệ cần bạn nhẫn nhịn chịu đựng để duy trì, buộc bạn không ngừng hy sinh lợi ích của mình để gìn giữ, thì thực ra nó nên chấm dứt từ lâu lắm rồi.\n4. Những cô gái sống có cá tính thường nghe theo tiếng gọi của trái tim, nên luôn tạo cho người ta cảm giác chân thực, không làm bộ, không giả dối. Thế nên chúng ta hãy cứ sống thật với chính mình, những người có tư tưởng tương đồng sẽ dần dần tới bên chúng ta.\n5. Khi bước qua tuổi ba mươi, tôi thấy phụ nữ nên sống thế này:\nCó người thương biết chở che ấm lạnh, không có phản bội và lừa dối, xứng đáng để chúng ta trao gửi tấm chân tình, nếu không, cứ sống độc thân vui vẻ cũng chẳng sao. Ít nhất chúng ta không phải sống trong đau khổ và dằn vặt.\nCó sự nghiệp mà mình yêu quý, dù không kiếm ra nhiều tiền, thậm chí vô cùng cực khổ, nhưng còn tốt hơn là ngày ngày đi làm mà như đi “thăm mả”. Đừng ép bản thân phải làm những chuyện mà mình không thích, nếu không bạn sẽ thấy mình ngày càng u uất chán nản, mệt mỏi ủ ê.\nCó vài người bạn tâm giao, không cần “tám” chuyện suốt ngày, không cần tụ tập mọi lúc, nhưng tâm ý luôn tương thông, quan trọng là không thấy mệt mỏi khi ở bên nhau. Đừng ép bản thân phải giao du với những người có tư tưởng khác mình, nếu không người chịu khổ là chính bạn đấy.\nVề tác giả:\nVãn Tình là nhà biên kịch - tác giả của những đầu sách bán chạy tại Trung Quốc. Các tác phẩm của cô đều thẳng thắn, trực diện, đánh trúng tâm lý các cô gái.\nỞ Việt Nam, Vãn Tình được coi như “nữ hoàng” của dòng sách cảm hứng sống dành cho phái nữ. Cuốn sách Bạn đắt giá bao nhiêu? của cô trở thành cuốn sách Bán chạy nhất trên nền tảng Tiki (2019), tạo nên một làn sóng mạnh mẽ nhằm cổ vũ tinh thần, thay đổi quan điểm hạnh phúc của bất kỳ ai từng đọc cuốn sách.','https://cdn0.fahasa.com/media/catalog/product/b/_/b_a-1_m_t-_i-_c-m_t---copy.jpg',1),('8935325017797','Ghi Chép Pháp Y - Những Thi Thể Không Hoàn Chỉnh','Lưu Bát Bách','Văn học',3,100.100,NULL,NULL,'Thanh Niên',2023,'Ghi Chép Pháp Y - Những Thi Thể Không Hoàn Chỉnh\n“Ghi chép pháp y - Những thi thể không hoàn chỉnh” là phần thứ 3, tiếp nối series đình đám “Ghi chép pháp y” được tác giả Pháp y Tần Minh và Phó giám đốc Hiệp hội pháp y Trung Quốc - Châu Diệc Vũ đặc biệt giới thiệu. Cuốn sách bao gồm 7 vụ án có thật, được viết bởi bác sĩ pháp y Lưu Bát Bách với 18 năm kinh nghiệm giải phẫu cho hơn 800 thi thể. \nNếu phần 1 đi sâu vào việc phá án bằng nghiệp vụ chuyên môn, phần 2 là sự đồng cảm với những xác chết không thể lên tiếng thì ở phần 3, tác giả sẽ tập trung miêu tả những hiện trường tội ác man rợ, phân tích động cơ gây án cũng như tâm lý biến thái ẩn sau bộ mặt bình thản của hung thủ. \nSự độc ác của nhân tính có thể khiến đứa con trai tự tay giết mẹ, ăn trộm tiền cho bạn. Sự độc ác của nhân tính có thể khiến người thầy giáo cởi bỏ lớp ngụy trang mẫu mực, phân xác học sinh dưới sự bao che của nhà trường. Sự độc ác của nhân tính có thể khiến vị bác sĩ thảm sát cả gia đình đồng nghiệp chỉ vì ghen tị.\nBằng kỹ năng toàn diện và sự hỗ trợ của công nghệ siêu việt như: đối chiếu DNA, xác minh dấu giày, giám định mỏm xương thái dương… tác giả đã từng bước tìm ra chứng cứ then chốt, đập tan mọi ảo tưởng về “một tội ác hoàn hảo’ và đưa kẻ thủ ác ra trước ánh sáng pháp luật để chịu sự trừng phạt. \n“Thật ra pháp y chính là nghề như vậy, thân thể ở trong nơi tối, trái tim hướng về phía ánh sáng mặt trời.” - Lưu Bát Bách. \nHy vọng trong phần 3 của series “Ghi chép pháp y”, bạn đọc sẽ tiếp tục đồng hành cùng tác giả trải nghiệm quá trình phá án, truy tìm hung thủ để đòi quyền cho người sống - lên tiếng cho người chết.','https://cdn0.fahasa.com/media/catalog/product/b/_/b_a-tr_c-ph_p-y-3.jpg',1),('8936066694469','Nói Chuyện Là Bản Năng, Giữ Miệng Là Tu Dưỡng, Im Lặng Là Trí Tuệ (Tái Bản)','Trương Tiếu Hằng','Tâm lý - Kỹ năng sống',3,145.530,NULL,NULL,'Thanh Niên',2020,'Tuân Tử nói: “Nói năng hợp lý, đó gọi là hiểu biết; im lặng đúng lúc, đó cũng là hiểu biết”. Ngôn ngữ là thứ có thể thể hiện rõ nhất mức độ tu dưỡng của một người, nói năng hợp lý là một loại trí tuệ, mà im lặng đúng lúc cũng là một loại trí tuệ. Nếu một người không biết giữ miệng, nói mà không suy nghĩ, nghĩ gì nói nấy, tất nhiên rất dễ khiến người khác chán ghét.\n\nNội dung quyển sách này xoay quanh hai vấn đề đó là “biết cách nói chuyện” và “biết giữ miệng”, thông qua 12 chương sách nói rõ cách nói chuyện với những người khác nhau, cách nói chuyện trong những trường hợp khác nhau, làm thế nào để nắm vững những kỹ năng và chừng mực để nói chuyện cho khôn khéo, những người không giỏi ăn nói làm cách nào mới có thể nói được những lời thích hợp với đúng người và đúng thời điểm, để có thể ứng phó với những trường hợp khác nhau trong giao tiếp.\n\nNgười biết nói chuyện, ẩn sau con người họ là lòng tốt đã khắc sâu vào xương tủy, là sự tôn trọng đến từ việc đặt mình vào vị trí của người khác, là trí tuệ sâu sắc, độc đáo và lòng kiên nhẫn không ngại phiền hà. Họ chưa hẳn là những người giỏi ăn nói, nhưng mỗi khi nói đều làm người khác như được tắm trong gió xuân, vừa mở miệng là đã toát lên khí chất hơn người. \n\nNgười biết giữ miệng, bất kể trong trường hợp nào, họ đều có thể lập tức nhìn thấu cảm xúc của người khác, quan tâm đến cảm giác của đối phương, nói năng có chừng mực, làm gì cũng chừa lại đường lui cho mình và người khác. Vừa mở miệng là có thể làm yên lòng người khác, tự nhiên đi tới đâu cũng sẽ được chào đón.\n\nBiết giữ im lặng thì cuộc sống sẽ dễ chịu hơn, học cách giữ miệng thì cuộc đời này sẽ không còn điều gì phải hối hận. Điều không nên nói thì không nói, điều không nên hỏi thì không hỏi, hiểu ý mà không vạch trần, nhìn thấu mà không nói ra, đó là bậc đại trí.\n\nĐôi nét về tác giả:\n\nTrương Tiếu Hằng là một tác giả đồng thời là một nhà sản xuất. Ông từng là một nhân viên bình thường, từng làm bán hàng rồi tự mở công ty, ông đã đi nhiều nơi, đọc sách, sáng tác, tìm hiểu về cuộc sống. Vốn sống phong phú, bút pháp tinh tế cùng lối viết đi thẳng vào trọng tâm luôn mang lại cho độc giả cảm giác sảng khoái khi đọc tác phẩm của ông. Một số tác phẩm của ông đã được xuất bản như “Khoa triết học Đại học Bắc Kinh”, “EQ cao chính là biết cách nói chuyện”.','https://cdn0.fahasa.com/media/catalog/product/8/9/8936066694469.jpg',1),('8936067604511','Thai Giáo Theo Chuyên Gia - 280 Ngày - Mỗi Ngày Đọc Một Trang (Tái Bản 2021)','Trạch Quế Vinh','Nuôi Dạy Con',3,86.250,NULL,NULL,'NXB Phụ Nữ Việt Nam',2021,'Thai giáo, xét theo nghĩa rộng là: Trong thời gian thai nghén, bà bầu ngoài việc coi trọng sức khỏe và dinh dưỡng cho mình còn cần chú trọng những ảnh hưởng từ môi trường, cố gắng bồi dưỡng tâm lí tích cực để thai nhi ở trong bụng mẹ có thể cảm nhận được những điều tốt đẹp, khiến cho bé sau khi ra đời được khỏe mạnh và thông minh.\nTheo nghĩa hẹp, thai giáo là: Thông qua những phương pháp nhất định, ví dụ như nói chuyện với thai nhi, vuốt ve vùng bụng của mẹ, nghe những bản nhạc êm dịu, vận động nhẹ nhàng, duy trì tâm trạng vui vẻ... để tiến hành giáo dục sớm cho thai nhi.\nTrong 280 ngày mang thai, bé trải qua một chuyến \"du lịch thần kỳ\" trong cơ thể bạn, bạn muốn biết mỗi ngày bé trải qua những thay đổi kỳ diệu nào không? Bạn có muốn vì bé mà tạo nên nhiều điều vui vẻ và thú vị không? Vậy mời bạn, hãy cùng chúng tôi bước vào thời khắc hạnh phúc này nhé! Bạn sẽ nhận thấy, thực ra mỗi ngày chỉ cần dành một chút thời gian, có thể chỉ là một vài câu nói, đọc một vài trang sách, hát một bài hát hay, thậm chí chơi một trò chơi, niềm vui sẽ đến và tràn ngập cuộc sống của bạn.\nBạn và bé luôn vui vẻ, khỏe mạnh chính là tâm nguyện lớn nhất của những người làm cuốn sách này!','https://cdn0.fahasa.com/media/catalog/product/i/m/image_244718_1_3669.jpg',1),('8936067605211','Phương Pháp Giáo Dục Con Của Người Do Thái - Giúp Trẻ Tự Tin Bước Vào Cuộc Sống','Hà Minh','Nuôi Dạy Con',3,59.500,NULL,NULL,'NXB Phụ Nữ Việt Nam',2021,'Phương Pháp Giáo Dục Con Của Người Do Thái - Giúp Trẻ Tự Tin Bước Vào Cuộc Sống\n\nXem trọng giáo dục của cha mẹ với con cái là truyền thống tốt đẹp nổi bật nhất của dân tộc Do Thái. Mặc dù phải trải qua rất nhiều khó khăn và luôn phải phiêu bạt khắp nơi nhưng người Do Thái vẫn không quên dành cho con nền giáo dục tốt nhất. Và, họ còn tìm ra những phương pháp giáo dục con đặc biệt.\n\nTrí tuệ là tài sản lớn nhất của con\n\nNgười Do Thái sùng bái trí tuệ, trân trọng kiến thức, họ không chỉ có ý thức bồi dưỡng cho con cái khả năng tự học mà còn thường xuyên cổ vũ trẻ thu nhận kiến thức qua nhiều con đường khác nhau. Khi trẻ còn nhỏ, đại đa số bố mẹ Do Thái dùng những vật dụng hằng ngày để giúp trẻ học ngoại ngữ. Ví dụ, họ thường sử dụng cốc, chậu rửa mặt, khăn mặt,… để đặt câu hỏi, giúp trẻ học những từ mới đơn giản. Ngoài ra, lúc dẫn con cái đi mua đồ, cha mẹ Do Thái thường chú ý đến ánh mắt của trẻ, chọn những đồ mà trẻ thích, nhân cơ hội đó dạy trẻ ngoại ngữ.\n\nCó thể thấy, cha mẹ Do Thái giống như người làm vườn chăm chỉ chăm chồi cây non, họ sẽ phân loại tri thức theo hứng thú và sở thích của con ở từng giai đoạn rồi mới truyền thụ cho trẻ, giúp trẻ tiếp thu nhẹ nhàng và hiệu quả.\n\nTự lập tự cường là kĩ năng sinh tồn của con\n\nCha mẹ Do Thái thường không nuông chiều con cái. Tình yêu của họ dành cho con đều có nguyên tắc, có mức độ. Nếu hành vi của trẻ vi phạm nguyên tắc, vượt quá giới hạn, cha mẹ sẽ không nương tay mà nghiêm khắc phê bình khuyên bảo. Những việc làm này khiến trẻ sống trẻ sống độc lập và có nguyên tắc, để khi trưởng thành là một người độc lập.\n\nKỹ năng sống độc lập có vai trò rất quan trọng đối với sự trưởng thành và phát triển của trẻ. Từ nhỏ, cha mẹ Do Thái đã hướng dẫn con làm các công việc trong gia đình như đổ rác, gấp quần áo, lau nhà,… để rèn luyện khả năng sống độc lập cho trẻ. Dù đôi lúc việc dạy những kĩ năng này mất nhiều thời gian hơn so với việc bố mẹ tự làm nhưng họ vẫn kiên trì chỉ bảo cho trẻ đến cùng. Vì họ hiểu rằng: Chỉ khi để trẻ học kĩ năng sống, trẻ mới có thể thực sự tách khỏi bố mẹ, thích nghi với cuộc sống, với xã hội. Cho nên trong quá trình dạy con, các bậc cha mẹ cần học theo phương pháp này, hết sức kiên nhẫn để chỉ bảo cho trẻ.\n\nQuản lí tài chính là kĩ năng cơ bản của con\n\nNgười Do Thái ngoài việc hiểu giá trị của đồng tiền còn truyền dạy những kiến thức đó cho con cái để thế hệ sau hiểu được giá trị của nó. Khi trẻ được 3 tuổi, cha mẹ bắt đầu giảng giải cho trẻ hiểu giá trị và công dụng của đồng tiền. Họ thường cùng trẻ chơi trò chơi đoán giá trị tiền tệ để nâng cao khả năng nhận biết đồng tiền cho con. Khi đi mua sắm, cha mẹ Do Thái thường để trẻ so sánh giá cả của các loại sản phẩm khác nhau nhằm bồi dưỡng khả năng chi tiêu của trẻ.\n\nNgười Do Thái cho rằng dạy trẻ những kiến thức tài chính này là rất quan trọng vì người có khả năng quản lí tài chính và ý thức đầu tư giỏi sẽ biết kiếm tiền và nắm giữ tiền bạc. Các bậc cha mẹ nên học tập cách làm của người Do Thái, bồi dưỡng khả năng đầu tư, quản lí cho trẻ từ nhỏ để trẻ có một nền tảng vững chắc trong tương lai.\n\nCuốn sách chia sẻ với các bậc cha mẹ bí quyết giáo dục trẻ của một trong những dân tộc thông minh nhất Thế giới. Còn chần chừ gì mà không mở cuốn sách này ra và chào đón tương lai thành công của con bạn!','https://cdn0.fahasa.com/media/catalog/product/8/9/8936067605211.jpg',1),('8936067605693','Khéo Ăn Nói Sẽ Có Được Thiên Hạ (Tái Bản 2022)','Trác Nhã','Tâm lý - Kỹ năng sống',3,87.100,NULL,NULL,'Văn Học',2022,'Khéo Ăn Nói Sẽ Có Được Thiên Hạ (Tái Bản 2022)\n\nTrong xã hội thông tin hiện đại, sự im lặng không còn là vàng nữa, nếu không biết cách giao tiếp thì dù là vàng cũng sẽ bị chôn vùi. Trong cuộc đời một con người, từ xin việc đến thăng tiến, từ tình yêu đến hôn nhân, từ tiếp thị cho đến đàm phán, từ xã giao đến làm việc… không thể không cần đến kĩ năng và khả năng giao tiếp. Khéo ăn khéo nói thì đi đâu, làm gì cũng gặp thuận lợi. Không khéo ăn nói, bốn bề đều là trở ngại khó khăn.\n\nĐã bao giờ đánh mất một công việc, bạn bỏ lỡ một mối quan hệ tuyệt vời, hay đơn giản là bạn cảm thấy khó nói chuyện với mọi người. Bạn có bao giờ nghĩ là do kĩ năng nói chuyện của mình chưa tốt, chưa thuyết phục được mọi người. Bạn đổ lỗi cho số phận và vận may của mình chưa đến. Hãy dừng việc than thân trách phận và hành động để thay đòi chính mình.\n\nVậy làm thế nào để cải thiện và tránh gặp phải những tình huống như trên? Làm thế nào để ăn nói khéo léo? Có phương pháp và quy luật nào được áp dụng khi giao tiếp không? Có nguyên tắc và bí quyết nào cho các cuộc nói chuyện không? Trong những tình huống khác nhau, với những người khác nhau thì phải nói chuyện như thế nào, và làm sao để trình bày những điều khó nói?\n\nCuốn sách Khéo ăn nói sẽ có được thiên hạ của Trác Nhã sẽ giải đáp cho bạn đọc những câu hỏi đó. Cuốn sách với ngôn từ rõ ràng, gần gũi với cuộc sống sẽ mang đến những kĩ năng và phương pháp giao tiếp thực dụng, chắc chắn sẽ giúp ích được cho bạn đọc.\n\nGiá trị của cuốn sách nằm ở chỗ tác giả đã dốc hết tâm sức nghiên cứu về các kĩ năng và quy tắc giao tiếp để đúc kết, truyền tải vào trong những trang sách khiến cho người đọc cảm thấy cuốn hút, và học hỏi được nhiều kĩ năng giúp cho bạn đọc tự tin và thành công trong việc giao tiếp.\n\nXây dựng mối quan hệ nhờ tài ăn nói\n\nTừ trước đến nay, trong xã hội, giao tiếp đang là một trong những điều mà ai cũng phải đối mặt, đặc biệt là các bạn trẻ, những bạn đang bước chân đang cần chứng tỏ năng lực của mình trước cuộc sống, mọi người. Chúng ta ngày càng phải giao tiếp với rất nhiều người. Sử dụng ngôn ngữ khéo léo, thân thiện chính là cách quan trọng nhất để xóa bỏ tâm lí đề phòng của đối phương và rút ngắn khoảng cách giữa hai bên, giúp cho mọi người tin tưởng bạn hơn và từ đó sẵn sàng giúp đỡ bạn trong công việc và học tập.\n\nHơn nữa để thành công, bạn không được bỏ qua một mối quan hệ nào trong xã hội, mỗi một người đến và đi trong cuộc đời bạn đều có thể cho bạn nhiều bài học, kinh nghiệm quý báu mà nó sẽ chắc chắn sẽ giúp ích cho bạn trong cuộc đời. Điều quan trọng là bạn phải ăn nói, giao tiếp như nào để người đó yêu quý bạn và sẵn sàng chia sẻ cho bạn những kinh nghiệm quý báu của bản thân họ. Cuốn sách “ Khéo ăn nói sẽ có được thiên hạ” chắc chắn sẽ không làm bạn thất vọng.\n\nKĩ năng giúp cho người ngại giao tiếp mở lời trò chuyện\n\nTrong cuộc sống hay trong công việc, có một số người không thích nói chuyện, trong một số trường hợp bắt buộc phải nói, họ cũng không chịu nói gì cả, những người như vậy được gọi là người ngại giao tiếp. Ở công sở hoặc một số nơi khác, khi những người khác đều đang trò chuyện sôi nổi, thì những người ngại giao tiếp chỉ ngồi một góc lắng nghe hoặc suy nghĩ vấn đề riêng của họ. Trong giao tiếp nếu gặp những người như vậy chúng ta đều thấy rất tẻ nhạt, và không muốn làm việc cũng như giao tiếp. Vậy phải làm thế nào để những người ngại giao tiếp mở lời trò chuyện?\n\nSử dụng lời khen chân thành, đặt câu hỏi đúng thời điểm\n\nThực tế cho thấy, mọi người ai cũng muốn được người khác khen ngợi, nếu muốn những người ngại giao tiếp thì chúng ta hãy mở lời động viên họ bằng những lời khen khiến cho họ có niềm tin, để họ biết rằng những điều họ làm đều rất có giá trị, mọi người đều rất ngưỡng mộ và trân trọng thành quả của họ, hãy động viên họ bằng những câu hỏi liên quan đến kiến thức chuyên môn của chính họ, chắc chắn rằng họ sẽ mở lòng nói chuyện với chúng ta dần dần họ sẽ có được sự tự tin và giao tiếp nhiều hơn.\n\nĐặt câu hỏi có/không\n\nChúng ta gặp những người ít nói trong cuộc sống, họ hay dùng các từ như có, không, ừ , à… khi trả lời câu hỏi. Bạn đừng mất kiên nhẫn, hãy sử dụng chính đặc điểm kiệm lời, không thích nói chuyện của họ. Sau khi xác định rõ bản thân muốn có được đáp án như thế nào , hãy nêu những câu hỏi mà câu trả lời sẽ là có hoặc không, hoặc hỏi những câu ngắn gọn thể hiện bạn muốn biết đáp án. Việc hỏi như vậy không chỉ khiến đối phương mở lời, mà còn có thể trực tiếp giúp bạn đạt được hiệu quả.\n\nTranh luận\n\nMuốn cá cắn câu bạn phải dùng mồi câu tốt. Khi giao tiếp, hãy sử dụng những câu hỏi và đề tài dễ dàng cho việc bắt đầu một cuộc tranh luận đê giúp những người ngại giao tiếp cảm thấy tự tin hơn. Bạn có thể nêu những suy nghĩ trái ngược nhau về cùng môt vấn đề, hoặc yêu cầu đối phương đặt câu hỏi;','https://cdn0.fahasa.com/media/catalog/product/8/9/8936067605693.jpg',1),('8936214272648','Góc Nhỏ Có Nắng','Little Rainbow','Văn học',3,57.120,NULL,NULL,'Thanh Niên',2024,'Góc Nhỏ Có Nắng\n- Với 30 chủ đề tô màu phong phú đa dạng, mỗi bức tranh như là một lời thủ thỉ tâm tình gửi đến bạn\n- Thư giãn và chữa lành: Với những hình ảnh đẹp mắt và đơn giản, tô màu sẽ là một phương pháp hiệu quả giúp bạn chữa lành và nuôi dưỡng tâm hồn\n- Khám phá sự sáng tạo: Bạn đừng ngại vẽ thêm, tô thêm màu sắc để thể hiện cảm xúc của riêng mình\n- Chất liệu giấy dày, mịn, đẹp sẽ đem đến cho bạn trải nghiệm tô màu thú vị','https://cdn0.fahasa.com/media/catalog/product/b/_/b_a-in-g_c-nh_-c_-n_ng.jpg',1),('9786043437881','Bộ\n						\n										\n					Chiến Tranh Tiền Tệ - Phần 1 - Ai Thực Sự Là Người Giàu Nhất Thế Giới? (Tái bản 2022)','Song Hong Bing','Kinh Tế',3,115.500,NULL,NULL,'NXB Lao Động',2022,'Chiến Tranh Tiền Tệ - Phần 1 - Ai Thực Sự Là Người Giàu Nhất Thế Giới?\nMột khi đọc “Chiến tranh tiền tệ - Ai thật sự là người giàu nhất thế giới” bạn sẽ phải giật mình nhận ra một điều kinh khủng rằng, đằng sau những tờ giấy bạc chúng ta chi tiêu hàng ngày là cả một thế lực ngầm đáng sợ - một thế lực bí ẩn với quyền lực siêu nhiên có thể điều khiển cả thế giới rộng lớn này.\n“Chiến tranh tiền tệ - Ai thật sự là người giàu nhất thế giới” đề cập đến một cuộc chiến khốc liệt, không khoan nhượng và dai dẳng giữa một nhóm nhỏ các ông trùm tài chính – đứng đầu là gia tộc Rothschild – với các thể chế tài chính của nhiều quốc gia. Đó là một cuộc chiến mà đồng tiền là súng đạn và mức sát thương thật sự ghê gớm.\nĐồng thời, “Chiến tranh tiền tệ - Ai thật sự là người giàu nhất thế giới” còn giúp bạn hiểu thêm nhiều điều, rằng Bill Gates chưa phải là người giàu nhất hành tinh, rằng tỉ lệ tử vong của các tổng thống Mỹ lại cao hơn tỉ lệ tử trận của binh lính Mỹ ngoài chiến trường, hay vì sao phố Wall lại mạo hiểm đổ hết vốn liếng của mình cho việc “đầu tư” vào Hitler.\nLà một cuốn sách làm sửng sốt những ai muốn tìm hiểu về bản chất của tiền tệ, để từ đó nhận ra những hiểm họa tài chính tiềm ẩn nhằm chuẩn bị tâm lý cho một cuộc chiến tiền tệ “không đổ máu”, “Chiến tranh tiền tệ - Ai thật sự là người giàu nhất thế giới” còn phơi bày những âm mưu của các nhà tài phiệt thế giới trong việc tạo ra những cơn “hạn hán”, “bão lũ” về tiền tệ để thu lợi nhuận. Cuốn sách cũng đề cập đến sự phát triển của các định chế tài chính – những cơ cấu được xây dựng nhằm đáp ứng nhu cầu phát triển vũ bão của nền kinh tế toàn cầu.\nGấp cuốn sách lại, có thể bạn đọc sẽ có nhiều tâm trạng khác nhau. Đối với một số người, đó có thể là sự sợ hãi thế lực tài chính quốc tế và cảm giác bất an về sự chi phối của thế lực này. Với số khác thì đó có thể là một cảm giác thú vị khi khám phá ra sự thật trần trụi để từ đó có cách nhìn nhận khác nhằm xây dựng cho mình những kế hoạch đầu tư một cách hiệu quả nhất. Và cho dù bạn có lo sợ hay cảm thấy tò mò, thú vị thì “Chiến tranh tiền tệ - Ai thật sự là người giàu nhất thế giới” cũng là một cuốn sách đáng đọc. Một cuốn sách bổ ích cho các chuyên gia quản lý tài chính, các nhà quản trị doanh nghiệp, các nhà đầu tư nhỏ, các giáo viên giảng dạy về tài chính – ngân hàng cũng như sinh viên các trường kinh tế.','https://cdn0.fahasa.com/media/catalog/product/b/i/bia-truoc-chien-tranh-tien-te-phan-1-1.jpg',1),('9786043437898','Bộ\n						\n										\n					Chiến Tranh Tiền Tệ - Phần 2 - Sự Thống Trị Của Quyền Lực Tài Chính (Tái Bản 2022)','Song Hong Bing','Kinh Tế',3,119.000,NULL,NULL,'NXB Lao Động',2022,'Chiến Tranh Tiền Tệ - Phần 2 - Sự Thống Trị Của Quyền Lực Tài Chính (Tái Bản 2022)\nTrong ấn bản lần thứ nhất của cuốn sách này, tác giả đưa ra ba dự đoán quan trọng.\nThứ nhất, kinh tế Âu Mỹ sẽ rơi vào tình cảnh tiêu điều trường kỳ (chí ít là 10 năm), cho dù có nới lỏng chính sách về tiền tệ, hay kích thích chính sách tài chính – về cơ bản đều vô hiệu;\nThứ hai, khi đó “lượng khí thải carbon” vẫn là một khái niệm tương đối xa lạ với xã hội Trung Quốc, sẽ phát huy tác dụng ngày càng quan trọng đối với kinh tế và xã hội, và sẽ bị “tài chính hóa” và “tiền tệ hóa”;\nThứ ba, loại tiền tệ chủ quyền sẽ từng bước bị loại tiền tệ khu vực thay thế, và cuốn cùng sẽ tiến hóa hướng đến sự đơn nhất về tiền tệ trên thế giới.\nVà đến nay, ba dự đoán đó đều đã trở thành sự thực.\nMục đích của cuốn sách này không phải là để dạy bạn cách đầu tư, cách phân bổ tài sản hay dạy một bộ phương pháp đối phó tiền tệ điển hình. Cuốn sách này nhằm trả lời những câu hỏi từ lâu đã khiến chúng ta bối rối và chưa được giải đáp: Tại sao tiền tệ lại có xung đột?\nThông tin tác giả:\nSong Hong Binh (Tống Hồng Binh) sinh năm 1968 tại Tứ Xuyên, Trung Quốc. Ông là tác giả của rất nhiều cuốn sách bán chạy, là học giả nghiên cứu tài chính thế giới và cũng là Viện trưởng của Viện nghiên cứu Kinh tế Tài chính Hoàn Cầu (Bắc Kinh). Năm 1990, ông tốt nghiệp Đại học Đông Bắc khoa Kiểm soát tự động. Đến năm 1994, ông sang Mỹ du học. Trong một thời gian rất dài, ông đã tập trung nghiên cứu về lịch sử nước Mỹ cũng như lịch sử tài chính thế giới.','https://cdn0.fahasa.com/media/catalog/product/b/i/bia-truoc-chientrangtiente-2-tb-jpg.jpg',1),('9786043440287','Tư Duy Ngược','Nguyễn Anh Dũng','Tâm lý - Kỹ năng sống',3,69.500,NULL,NULL,'Dân Trí',2021,'Tư Duy Ngược\n\nChúng ta thực sự có hạnh phúc không? Chúng ta có đang sống cuộc đời mình không? Chúng ta có dám dũng cảm chiến thắng mọi khuôn mẫu, định kiến, đi ngược đám đông để khẳng định bản sắc riêng của mình không?. Có bao giờ bạn tự hỏi như thế, rồi có câu trả lời cho chính mình?\n\nTôi biết biết, không phải ai cũng đang sống cuộc đời của mình, không phải ai cũng dám vượt qua mọi lối mòn để sáng tạo và thành công… Dựa trên việc nghiên cứu, tìm hiểu, chắt lọc, tìm kiếm, ghi chép từ các câu chuyện trong đời sống, cũng như trải nghiệm của bản thân, tôi viết cuốn sách này.\n\nCuốn sách sẽ giải mã bạn là ai, bạn cần Tư duy ngược để thành công và hạnh phúc như thế nào và các phương pháp giúp bạn dũng cảm sống cuộc đời mà bạn muốn.','https://cdn0.fahasa.com/media/catalog/product/9/7/9786043440287.jpg',1),('9786043440288','Combo Sách Tư Duy Ngược + Tư Duy Mở (Bộ 2 Cuốn)','Nguyễn Anh Dũng','Tâm lý - Kỹ năng sống',3,135.730,NULL,NULL,'Dân Trí',2023,'Combo Sách Tư Duy Ngược + Tư Duy Mở (Bộ 2 Cuốn)\n\n1. Tư Duy Ngược\n\nChúng ta thực sự có hạnh phúc không? Chúng ta có đang sống cuộc đời mình không? Chúng ta có dám dũng cảm chiến thắng mọi khuôn mẫu, định kiến, đi ngược đám đông để khẳng định bản sắc riêng của mình không?. Có bao giờ bạn tự hỏi như thế, rồi có câu trả lời cho chính mình?\n\nTôi biết biết, không phải ai cũng đang sống cuộc đời của mình, không phải ai cũng dám vượt qua mọi lối mòn để sáng tạo và thành công… Dựa trên việc nghiên cứu, tìm hiểu, chắt lọc, tìm kiếm, ghi chép từ các câu chuyện trong đời sống, cũng như trải nghiệm của bản thân, tôi viết cuốn sách này.\n\nCuốn sách sẽ giải mã bạn là ai, bạn cần Tư duy ngược để thành công và hạnh phúc như thế nào và các phương pháp giúp bạn dũng cảm sống cuộc đời mà bạn muốn.\n\n2. Tư Duy Mở\n\nCon người đang sống trong thời đại công nghệ, khi mọi thứ thay đổi chóng mặt, điều đó đòi hỏi chúng ta phải linh hoạt trong cách tư duy để bắt kịp xu hướng toàn cầu. Hay nói cách khác, chúng ta cần có một tư duy mở để đón nhận và khai phá kiến thức mới, bởi nếu chúng ta cứ khăng khăng giữ định kiến của mình thì sự phát triển sẽ đi vào ngõ cụt.\n\nCụ thể hơn, người có tư duy mở tin rằng chỉ cần họ nỗ lực, thay đổi là có thể tiến bộ hơn. Họ sẽ vui vẻ chấp nhận thử thách, xem thử thách như cơ hội để học hỏi được những điều hay cái mới. Khi đối mặt với khó khăn hay không thành công, người có tư duy mở thường có thái độ: “Cách này không hiệu quả, vậy mình thử cách khác”. Đối với họ, thất bại chỉ là bài học giúp họ hoàn hảo hơn trên con đường khẳng định bản thân và phát triển sự nghiệp.\n\nVậy làm thế nào để biết được chúng ta đang có loại tư duy nào, đóng hay mở? Và làm thế nào chúng ta nhận ra chúng?\n\nNhưng làm thế nào để có được tư duy mở?\n\nVà tư duy mở góp phần vào cuộc sống của chúng ta thế nào?\n\nKhi bạn đặt ra những câu hỏi đó thì cuốn sách này sinh ra để dành cho bạn. Cuốn sách được biên soạn dựa trên sự học tập và nghiên cứu tài liệu trong và ngoài nước cũng như từ những trải nghiệm của bản thân tác giả sẽ mang lại cho bạn những giá trị hữu ích của tư duy mở, giúp bạn tự tin chinh phục ước mơ, sẵn sàng đón nhận mọi chướng ngại và luôn nở nụ cười hạnh phúc.1. Tư Duy Ngược2. Tư Duy Mở','https://cdn0.fahasa.com/media/catalog/product/c/o/combo-9786043440287-9786044742250.jpg',1),('9786044009674','Con Đường Chẳng Mấy Ai Đi','M. Scott Peck','Tâm lý - Kỹ năng sống',3,115.500,NULL,NULL,'Dân Trí',2022,'Con Đường Chẳng Mấy Ai Đi\n\nCó lẽ không quyển sách nào trong thế kỷ này có tác động sâu sắc đến đời sống trí tuệ và tinh thần của chúng ta hơn Con Đường Chẳng Mấy Ai Đi. Với doanh số trên 10 triệu bản in trên toàn thế giới và được dịch sang hơn 25 ngôn ngữ, đây là một hiện tượng trong ngành xuất bản, với hơn mười năm nằm trong danh sách Best-sellers của New York Times.\n\nVới cách hành văn kinh điển và thông điệp đầy thấu hiểu, quyển sách Con Đường Chẳng Mấy Ai Đi giúp chúng ta khám phá bản chất của các mối quan hệ và của một tinh thần trưởng thành. Quyển sách giúp chúng ta học cách phân biệt sự lệ thuộc với tình yêu; làm thế nào để trở thành những bậc phụ huynh tinh tế và nhạy cảm; và cuối cùng là làm thế nào để sống chân thật với chính mình.\n\nVới dòng mở đầu bất hủ của quyển sách, \"Cuộc đời này rất khó sống\", thể hiện quan điểm hành trình phát triển tinh thần là một chặng đường dài và gian nan, Tiến sĩ Peck thể hiện sự đồng cảm, nhẹ nhàng dẫn dắt độc giả vượt qua quá trình khó khăn đó, để thay đổi hướng tới tầm mức thấu hiểu bản thân sâu sắc hơn.','https://cdn0.fahasa.com/media/catalog/product/9/7/9786044009674.jpg',1),('9786044742250','Tư Duy Mở','Nguyễn Anh Dũng','Tâm lý - Kỹ năng sống',3,69.000,NULL,NULL,'Dân Trí',2023,'Tư Duy Mở\n\nCon người đang sống trong thời đại công nghệ, khi mọi thứ thay đổi chóng mặt, điều đó đòi hỏi chúng ta phải linh hoạt trong cách tư duy để bắt kịp xu hướng toàn cầu. Hay nói cách khác, chúng ta cần có một tư duy mở để đón nhận và khai phá kiến thức mới, bởi nếu chúng ta cứ khăng khăng giữ định kiến của mình thì sự phát triển sẽ đi vào ngõ cụt. \n\nCụ thể hơn, người có tư duy mở tin rằng chỉ cần họ nỗ lực, thay đổi là có thể tiến bộ hơn. Họ sẽ vui vẻ chấp nhận thử thách, xem thử thách như cơ hội để học hỏi được những điều hay cái mới. Khi đối mặt với khó khăn hay không thành công, người có tư duy mở thường có thái độ: “Cách này không hiệu quả, vậy mình thử cách khác”. Đối với họ, thất bại chỉ là bài học giúp họ hoàn hảo hơn trên con đường khẳng định bản thân và phát triển sự nghiệp. \n\nVậy làm thế nào để biết được chúng ta đang có loại tư duy nào, đóng hay mở? Và làm thế nào chúng ta nhận ra chúng?\n\nNhưng làm thế nào để có được tư duy mở?\n\nVà tư duy mở góp phần vào cuộc sống của chúng ta thế nào?\n\nKhi bạn đặt ra những câu hỏi đó thì cuốn sách này sinh ra để dành cho bạn. Cuốn sách được biên soạn dựa trên sự học tập và nghiên cứu tài liệu trong và ngoài nước cũng như từ những trải nghiệm của bản thân tác giả sẽ mang lại cho bạn những giá trị hữu ích của tư duy mở, giúp bạn tự tin chinh phục ước mơ, sẵn sàng đón nhận mọi chướng ngại và luôn nở nụ cười hạnh phúc.','https://cdn0.fahasa.com/media/catalog/product/9/7/9786044742250.jpg',1),('9786044777481','38 Bức Thư Rockefeller Viết Cho Con Trai','Thanh Hương','Tâm lý - Kỹ năng sống',3,69.000,NULL,NULL,'Văn Học',2023,'38 Bức Thư Rockefeller Viết Cho Con Trai\n\nNGƯỜI SỐNG TRÊN ĐỜI, NHƯ THẾ NÀO LÀ THIỆN, LẠI NHƯ THẾ NÀO LÀ ÁC? THẾ NÀO LÀ SỰ THIÊN LỆCH, MÀ THẾ NÀO MỚI LÀ CHÍNH ĐÍNH?\n\nCó người khởi tâm ác mà thực ra lại là làm việc thiện. Nhưng nhà kia giàu có lắm, gặp năm mất mùa, dân cùng cực phải cướp thóc lúa ở chợ ngay giữa ban ngày. Người kia báo với tri huyện, nhưng tri huyện không xử lý việc ấy.\n\nNhững người dân nghèo thấy thế càng phóng túng bừa bãi, nên nhà ấy tự ý bắt giam những người cướp bóc, làm cho chúng phải hổ thẹn, dân chúng vì thế mới được yên ổn. Nếu nhà kia không làm như vậy thì ắt nơi ấy sẽ loạn cả.\n\nNgười làm việc thiện là chính đính, người làm việc ác thì là thiên lệch, điều ấy người ta đều biết. Nhưng khởi phát tâm làm việc thiện mà làm việc ác, ấy là trong chính đính lại có thiên lệch vậy. Khởi tâm làm việc ác mà lại thành ra làm việc thiện, ấy là trong thiên lệch có chính đính. Điều ấy ta chẳng thể không biết vậy.','https://cdn0.fahasa.com/media/catalog/product/9/7/9786044777481.jpg',1),('9786047787616','Kế Toán Vỉa Hè - Thực Hành Báo Cáo Tài Chính Căn Bản Từ Quầy Bán Nước Chanh','Darrell Mullis, Judith Orloff','Kinh Tế',3,169.000,NULL,NULL,'Thế Giới',2023,'Kế Toán Vỉa Hè\nBIẾN KẾ TOÁN KHÔ KHAN TRỞ THÀNH TRÒ CHƠI CON TRẺ, DỄ HIỂU VÀ DỄ ÁP DỤNG\nĐã bao lần bạn cầm trên tay bảng báo cáo tài chính doanh nghiệp của mình, nhưng chẳng thể nào hiểu nổi?\nKế toán và tài chính là nỗi đau chung của rất nhiều doanh nghiệp nhỏ. Ngôn ngữ tài chính dường như là điều bí ẩn nhất của thế giới. Vô số tính toán và ý đồ được cài cắm sau các con số, mà thậm chí người kinh doanh nhiều năm cũng không thể nào bóc tách nổi.\nNếu bạn vẫn cảm thấy mù mờ với bảng báo cáo tài chính của mình thì thật là đáng tiếc. Tài chính được xem như là ngôn ngữ của kinh doanh. Bảng kế toán sẽ cho bạn biết được doanh nghiệp của mình lời hay lỗ, trả lời câu hỏi vì sao trông bạn có vẻ đang ăn nên làm ra, nhưng két sắt công ty không có lấy một đồng.\nQuyển sách mang đến cho bạn:\n- Kiến thức căn bản về kế toán doanh nghiệp.\n- Phân biệt 3 loại báo cáo tài chính quan trọng nhất.\n- Phân tích chức năng của mỗi loại báo cáo trong quản trị doanh nghiệp.\n- Hiểu và tự lập được bảng cân đối kế toán, báo cáo kết quả kinh doanh, báo cáo luân chuyển tiền tệ.\n- Đánh giá sơ bộ được sức khỏe tài chính của doanh nghiệp thông qua 3 báo cáo tài chính trên.\n- Bạn càng am hiểu sớm kế toán và báo cáo tài chính, càng có lợi cho công việc kinh doanh lâu dài.\nVỀ DỊCH GIẢ\nTrần Thanh Phong là tác giả, chủ doanh nghiệp và vận động viên ba môn phối hợp Ironman. Anh được mọi người nhắc đến như là, tác giả Việt đầu tiên viết về chủ đề Khởi nghiệp kinh doanh thực chiến. Tác phẩm tiêu biểu:\n- Khởi nghiệp bán lẻ.\n- Khởi nghiệp du kích.\n- Đừng để mất bò.\n- Trên lưng khổng tượng.\nKhông phải học giả hay diễn giả, anh là người làm nghề thực thụ. Sau 15 năm khởi nghiệp, quản lý nhiều công việc kinh doanh, từ bán lẻ đến thương mại điện tử, anh đã đúc kết nhiều kinh nghiệm thực tế và gói gọn chúng trong những cuốn sách của mình.\nTÓM TẮT SÁCH\nCuốn sách chia làm 10 chương:\nChương 1: Bảng cân đối kế toán. Giới thiệu về bảng cân đối kế toán. Chi phí khác gì với chi phí sản xuất? Giá vốn hàng bán và giá thành có giống nhau không?\nChương 2: Báo cáo kết quả hoạt động kinh doanh. Giới thiệu về báo cáo kết quả hoạt động kinh doanh, lợi nhuận gộp, lợi nhuận ròng, thu nhập và dòng tiền. Làm sao để nhận ra, tình hình kinh doanh của bạn đang tốt lên hay xấu đi?\nChương 3: Kế toán nợ phải trả. Vay vốn là hoạt động cần thiết để kinh doanh. Chương này giúp bạn hiểu cách theo dõi các khoản vay, khoản phải trả, tín dụng và lợi nhuận giữ lại.\nChương 4: Kế toán dồn tích và kế toán tiền mặt. Giới thiệu 2 phương pháp kế toán thông dụng và 1 phương pháp kế toán sáng tạo. Chương này cũng trả lời câu hỏi: Nên hạch toán chi phí doanh nghiệp như thế nào?\nChương 5: Báo cáo tài chính cho công ty dịch vụ. Công ty dịch vụ khác công ty sản xuất và bán hàng ở chỗ không có hàng tồn kho. Vậy chúng ta cần lưu ý gì khi lập báo cáo tài chính cho các công ty dịch vụ? Nếu công ty của bạn vừa bán hàng, vừa cung cấp dịch vụ (ví dụ như bán khóa học, tư vấn kinh doanh,) thì phải hạch toán thế nào?\nChương 6: Định giá hàng tồn kho. Định giá hàng tồn kho là một nghệ thuật. Chương này giúp bạn phân biệt hai phương pháp định giá tồn kho FIFO và LIFO. Ưu và nhược của mỗi loại là gì?\nChương 7 Báo cáo lưu chuyển tiền tệ. Doanh thu và lợi nhuận không giúp gì được cho việc kinh doanh, nếu bạn không nắm rõ dòng tiền của mình. Chương này giới thiệu cách lập báo cáo lưu chuyển tiền tệ, giúp bạn theo dõi tiền của mình đi đâu và về đâu!\nChương 8: Vì sao bạn có doanh thu, lợi nhuận nhưng không có tiền mặt? Đôi khi bạn cảm thấy mình đang kinh doanh có lời. Hàng nhập về đã bán hết, khách hàng đông đảo, nhưng két tiền lại rỗng không? Thế thì, tiền của bạn đi đâu? Câu trả lời sẽ có trong chương 8.\nChương 9: Kế toán thuế và thanh lý. Sau một thời gian kinh doanh, bạn quyết định tạm dừng, để tập trung cho một hoạt động mới. Vậy bạn cần thanh lý doanh nghiệp của mình như thế nào? Cách tính thuế và lợi nhuận ròng sau thuế ra sao. Làm thế nào để bán, chuyển nhượng và thanh lý doanh nghiệp có lợi nhất cho bạn?\nChương 10 Phân tích tài chính, cải thiện lợi nhuận. Làm được việc gì đó là một chuyện. Hiểu và rút ra những bài học trong quá trình đó lại là, một chuyện khác. Chương này giúp bạn nhìn lại toàn bộ quá trình kinh doanh của mình. Đánh giá sức khỏe tài chính doanh nghiệp thông qua các con số trên Báo cáo tài chính. Sau đó, bạn sẽ biết mình cần làm gì để doanh nghiệp phát triển hơn.','https://cdn0.fahasa.com/media/catalog/product/9/7/9786047787616.jpg',1);
/*!40000 ALTER TABLE `books` ENABLE KEYS */;
UNLOCK TABLES;

--
-- Table structure for table `otp`
--

DROP TABLE IF EXISTS `otp`;
/*!40101 SET @saved_cs_client     = @@character_set_client */;
/*!50503 SET character_set_client = utf8mb4 */;
CREATE TABLE `otp` (
  `username` varchar(255) NOT NULL,
  `otp_code` varchar(6) DEFAULT NULL,
  `timestamp` timestamp NULL DEFAULT NULL,
  `expiration_time` timestamp NULL DEFAULT NULL,
  PRIMARY KEY (`username`)
) ENGINE=InnoDB DEFAULT CHARSET=utf8mb4 COLLATE=utf8mb4_0900_ai_ci;
/*!40101 SET character_set_client = @saved_cs_client */;

--
-- Dumping data for table `otp`
--

LOCK TABLES `otp` WRITE;
/*!40000 ALTER TABLE `otp` DISABLE KEYS */;
/*!40000 ALTER TABLE `otp` ENABLE KEYS */;
UNLOCK TABLES;

--
-- Table structure for table `shelves`
--

DROP TABLE IF EXISTS `shelves`;
/*!40101 SET @saved_cs_client     = @@character_set_client */;
/*!50503 SET character_set_client = utf8mb4 */;
CREATE TABLE `shelves` (
  `id` int NOT NULL AUTO_INCREMENT,
  `shelf_name` varchar(255) NOT NULL,
  PRIMARY KEY (`id`)
) ENGINE=InnoDB AUTO_INCREMENT=14 DEFAULT CHARSET=utf8mb4 COLLATE=utf8mb4_0900_ai_ci;
/*!40101 SET character_set_client = @saved_cs_client */;

--
-- Dumping data for table `shelves`
--

LOCK TABLES `shelves` WRITE;
/*!40000 ALTER TABLE `shelves` DISABLE KEYS */;
INSERT INTO `shelves` VALUES (1,'A1-01'),(2,'A1-02'),(3,'A1-03'),(4,'A2-01'),(5,'A2-02'),(6,'A2-03'),(7,'B1-01'),(8,'B1-02'),(9,'B1-03'),(10,'B2-01'),(11,'B2-02'),(12,'B2-03'),(13,'C1-01');
/*!40000 ALTER TABLE `shelves` ENABLE KEYS */;
UNLOCK TABLES;

--
-- Table structure for table `users`
--

DROP TABLE IF EXISTS `users`;
/*!40101 SET @saved_cs_client     = @@character_set_client */;
/*!50503 SET character_set_client = utf8mb4 */;
CREATE TABLE `users` (
  `id` int NOT NULL AUTO_INCREMENT,
  `username` varchar(255) NOT NULL,
  `email` varchar(255) NOT NULL,
  `password_hash` varchar(255) NOT NULL,
  `salt` varchar(255) NOT NULL,
  `role` enum('manager','staff') NOT NULL,
  `created_at` timestamp NULL DEFAULT CURRENT_TIMESTAMP,
  PRIMARY KEY (`id`)
) ENGINE=InnoDB AUTO_INCREMENT=4 DEFAULT CHARSET=utf8mb4 COLLATE=utf8mb4_0900_ai_ci;
/*!40101 SET character_set_client = @saved_cs_client */;

--
-- Dumping data for table `users`
--

LOCK TABLES `users` WRITE;
/*!40000 ALTER TABLE `users` DISABLE KEYS */;
INSERT INTO `users` VALUES (1,'admin','khaipham182@gmail.com','d411f1744f61390ffbda6da5db5eb6cb7c7824b80d6cdfa613308e48585146c2','95df826f11d961b3e34bb2bed79a5ddf','manager','2024-12-01 15:35:51'),(2,'staff1','123@gmail.com','9df6ed93bde74504f6bfdcdc6ee99461a9992696a4dbaef0aff14ed77a9e5985','adcbe3918485d28004b98e99730d9131','staff','2024-12-01 15:35:51'),(3,'staff2','123@gmail.com','hashed_password3','random_salt3','staff','2024-12-01 15:35:51');
/*!40000 ALTER TABLE `users` ENABLE KEYS */;
UNLOCK TABLES;
/*!40103 SET TIME_ZONE=@OLD_TIME_ZONE */;

/*!40101 SET SQL_MODE=@OLD_SQL_MODE */;
/*!40014 SET FOREIGN_KEY_CHECKS=@OLD_FOREIGN_KEY_CHECKS */;
/*!40014 SET UNIQUE_CHECKS=@OLD_UNIQUE_CHECKS */;
/*!40101 SET CHARACTER_SET_CLIENT=@OLD_CHARACTER_SET_CLIENT */;
/*!40101 SET CHARACTER_SET_RESULTS=@OLD_CHARACTER_SET_RESULTS */;
/*!40101 SET COLLATION_CONNECTION=@OLD_COLLATION_CONNECTION */;
/*!40111 SET SQL_NOTES=@OLD_SQL_NOTES */;

-- Dump completed on 2024-12-05 16:07:21
